1700812148.681,2023-11-24 07:49:08.681,0,89.71,149364,10.702926208652457,0,5.0729734642945585,222870134,null_state
1700812149.208,2023-11-24 07:49:09.208,0,54.34,149400,1.0903426791247313,0,5.040334355180078,223145728,null_state
1700812149.734,2023-11-24 07:49:09.734,0,68.85,149400,1.0903426791247313,0,5.040334355180078,223420146,null_state
1700812150.258,2023-11-24 07:49:10.258,0,88.52,149472,1.0000000000019327,0,5.027276273050227,223717123,null_state
1700812150.782,2023-11-24 07:49:10.782,0,78.5,149508,0.7499999999993179,0,5.060098268469048,224004535,null_state
1700812151.303,2023-11-24 07:49:11.303,0,73.69,149544,0.7499999999993179,0,5.060098268469048,224235883,null_state
1700812151.831,2023-11-24 07:49:11.831,0,61.43,149580,1.3749999999987494,0,5.073156350598898,224508219,null_state
1700812152.354,2023-11-24 07:49:12.354,0,86.07,149616,1.3749999999987494,0,5.073156350598898,224765581,null_state
1700812152.878,2023-11-24 07:49:12.878,0,78.3,149652,2.0000000000010374,0,5.080093837743515,225040748,null_state
1700812153.403,2023-11-24 07:49:13.403,0,59.34,149724,2.0000000000010374,0,5.080093837743515,225281436,null_state
1700812153.928,2023-11-24 07:49:13.928,0,57.01,149724,0.8749999999992042,0,5.047210880223249,225598303,null_state
1700812154.476,2023-11-24 07:49:14.476,0,88.45,149796,0.8749999999992042,0,5.047210880223249,225943642,null_state
1700812155.003,2023-11-24 07:49:15.003,0,85.04,149832,0.37500000000108,0,5.0540508280055505,226198723,null_state
1700812155.547,2023-11-24 07:49:15.547,0,78.42,149868,0.37500000000108,0,5.0540508280055505,226470613,null_state
1700812156.095,2023-11-24 07:49:16.095,0,59.24,149904,0.6875000000022027,0,5.039968582571398,226726586,null_state
1700812156.62,2023-11-24 07:49:16.620,0,62.74,149940,0.6875000000022027,0,5.039968582571398,227010564,null_state
1700812157.144,2023-11-24 07:49:17.144,0,75.94,149976,0.6250000000008384,0,5.074131744222043,227261874,null_state
1700812157.674,2023-11-24 07:49:17.674,0,64.75,150012,0.6250000000008384,0,5.074131744222043,227527857,null_state
1700812158.207,2023-11-24 07:49:18.207,0,87.44,150048,0.8749999999992042,0,5.0721565721351745,227822535,null_state
1700812158.731,2023-11-24 07:49:18.731,0,91.73,150084,0.8749999999992042,0,5.0721565721351745,228286816,null_state
1700812159.257,2023-11-24 07:49:19.257,0,75.63,150156,0.812499999999261,0,5.084483109047666,228560136,null_state
1700812159.784,2023-11-24 07:49:19.784,0,67.95,150192,0.6249999999994316,0,5.0809473071637665,228832212,null_state
1700812160.306,2023-11-24 07:49:20.306,0,65.14,150228,0.6249999999994316,0,5.0809473071637665,229113433,null_state
1700812160.833,2023-11-24 07:49:20.833,0,93.47,150264,0.8749999999992042,0,5.097541191177516,229407665,null_state
1700812161.355,2023-11-24 07:49:21.355,0,84.6,150300,0.8749999999992042,0,5.097541191177516,229653082,null_state
1700812161.879,2023-11-24 07:49:21.879,0,85.38,150336,1.18749999999892,0,5.09234722013427,229928693,null_state
1700812162.406,2023-11-24 07:49:22.406,0,67.64,150372,1.18749999999892,0,5.09234722013427,230172577,null_state
1700812162.931,2023-11-24 07:49:22.931,0,66.04,150408,0.37499999999964473,0,5.090689050974924,230479802,null_state
1700812163.456,2023-11-24 07:49:23.456,0,91.98,150444,0.37499999999964473,0,5.090689050974924,230751110,null_state
1700812163.979,2023-11-24 07:49:23.979,0,81.8,150516,0.8599202392816352,0,5.075741143700231,231002373,null_state
1700812164.504,2023-11-24 07:49:24.504,0,67.82,150552,0.8599202392816352,0,5.075741143700231,231278185,null_state
1700812165.026,2023-11-24 07:49:25.026,0,63.89,150588,0.38866599799477797,0,5.05141726522306,231544024,null_state
1700812165.55,2023-11-24 07:49:25.550,0,88.72,150624,0.38866599799477797,0,5.05141726522306,231813039,null_state
1700812166.073,2023-11-24 07:49:26.073,0,83.27,150660,1.1875000000003268,0,5.063438991628319,232071821,null_state
1700812166.597,2023-11-24 07:49:26.597,0,65.25,150696,1.1875000000003268,0,5.063438991628319,232354400,null_state
1700812167.121,2023-11-24 07:49:27.121,0,60.82,150732,0.37499999999965894,0,5.081873931105753,232609111,null_state
1700812167.644,2023-11-24 07:49:27.644,0,92.59,150768,0.37499999999965894,0,5.081873931105753,232866118,null_state
1700812168.169,2023-11-24 07:49:28.169,0,77.43,150840,0.5625000000009095,0,5.081556928178232,233128986,null_state
1700812168.695,2023-11-24 07:49:28.695,0,74.75,150876,0.5625000000009095,0,5.081556928178232,233629414,null_state
1700812169.231,2023-11-24 07:49:29.231,0,55.89,150912,0.8124999999992468,0,5.078716094250823,233903060,null_state
1700812169.761,2023-11-24 07:49:29.761,0,68.7,150948,0.6249999999994174,0,5.0918595233226975,234137112,null_state
1700812170.286,2023-11-24 07:49:30.286,0,82.29,150984,0.6249999999994174,0,5.0918595233226975,234391179,null_state
1700812170.813,2023-11-24 07:49:30.813,0,71.14,151020,1.3125000000059117,0,5.065011813845639,234674667,null_state
1700812171.337,2023-11-24 07:49:31.337,0,56.85,151056,1.3125000000059117,0,5.065011813845639,234908215,null_state
1700812171.868,2023-11-24 07:49:31.868,0,71.13,151092,0.12499999999421618,0,5.095370940366019,235201904,null_state
1700812172.391,2023-11-24 07:49:32.391,0,82.36,151128,0.12499999999421618,0,5.095370940366019,235440097,null_state
1700812172.923,2023-11-24 07:49:32.923,0,78.7,151164,0.9375000000062386,0,5.090884129699553,235730435,null_state
1700812173.45,2023-11-24 07:49:33.450,0,58.6,151200,0.9375000000062386,0,5.090884129699553,235982572,null_state
1700812173.975,2023-11-24 07:49:33.975,0,63.75,151236,0.9374999999920277,0,5.074131744222043,236240513,null_state
1700812174.499,2023-11-24 07:49:34.499,0,91.15,151272,0.9374999999920277,0,5.074131744222043,236474438,null_state
1700812175.022,2023-11-24 07:49:35.022,0,89.04,151344,-0.06249999998715339,0,5.071229948193187,236753342,null_state
1700812175.545,2023-11-24 07:49:35.545,0,66.32,151380,-0.06249999998715339,0,5.071229948193187,237022333,null_state
1700812176.071,2023-11-24 07:49:36.071,0,65.17,151416,0.812499999986457,0,5.088189604815615,237273098,null_state
1700812176.593,2023-11-24 07:49:36.593,0,93.41,151452,0.812499999986457,0,5.088189604815615,237533099,null_state
1700812177.117,2023-11-24 07:49:37.117,0,86.26,151488,1.437500000005798,0,5.102259657829478,237814103,null_state
1700812177.64,2023-11-24 07:49:37.640,0,66.97,151524,1.437500000005798,0,5.102259657829478,238133424,null_state
1700812178.166,2023-11-24 07:49:38.166,0,69.15,151560,0.24999999999975842,0,5.085629196554861,238395628,null_state
1700812178.688,2023-11-24 07:49:38.688,0,88.85,151596,0.24999999999975842,0,5.085629196554861,238911359,null_state
1700812179.216,2023-11-24 07:49:39.216,0,79.2,151668,0.4999999999938609,0,5.087372712656232,239207913,null_state
1700812179.752,2023-11-24 07:49:39.752,0,59.92,151704,0.4999999999938609,0,5.090042852699591,239478505,null_state
1700812180.278,2023-11-24 07:49:40.278,0,75.19,151740,0.8749999999992042,0,5.090042852699591,239739730,null_state
1700812180.804,2023-11-24 07:49:40.804,0,82.62,151776,1.0625000000004547,0,5.094163890757377,240082573,null_state
1700812181.329,2023-11-24 07:49:41.329,0,80.03,151812,1.0625000000004547,0,5.094163890757377,240309137,null_state
1700812181.856,2023-11-24 07:49:41.856,0,59.41,151848,0.31250000000396483,0,5.098419045438346,240597365,null_state
1700812182.381,2023-11-24 07:49:42.381,0,59.18,151884,0.31250000000396483,0,5.098419045438346,240839484,null_state
1700812182.903,2023-11-24 07:49:42.903,0,67.12,151920,0.7499999999936477,0,5.1194753552779835,241134268,null_state
1700812183.43,2023-11-24 07:49:43.430,0,83.02,151956,0.7499999999936477,0,5.1194753552779835,241384449,null_state
1700812183.955,2023-11-24 07:49:43.955,0,60.41,152028,1.437500000000128,0,5.0925788761197675,241685841,null_state
1700812184.478,2023-11-24 07:49:44.478,0,57.19,152028,1.437500000000128,0,5.0925788761197675,241988257,null_state
1700812185.006,2023-11-24 07:49:45.006,0,101.67,152100,0.6250000000079723,0,5.060220192671941,242186855,null_state
1700812185.528,2023-11-24 07:49:45.528,0,91.57,152136,0.6250000000079723,0,5.060220192671941,242461050,null_state
1700812186.051,2023-11-24 07:49:46.051,0,79.85,152172,0.624999999993733,0,5.063768186976129,242714032,null_state
1700812186.575,2023-11-24 07:49:46.575,0,66.05,152208,0.624999999993733,0,5.063768186976129,242974463,null_state
1700812187.097,2023-11-24 07:49:47.097,0,59.55,152244,0.18750000000409273,0,5.079264753163842,243256849,null_state
1700812187.621,2023-11-24 07:49:47.621,0,90.92,152280,0.18750000000409273,0,5.079264753163842,243511775,null_state
1700812188.144,2023-11-24 07:49:48.144,0,83.2,152352,0.8749999999878497,0,5.082739592946295,243769331,null_state
1700812188.666,2023-11-24 07:49:48.666,0,67.26,152352,0.8749999999878497,0,5.082739592946295,244245138,null_state
1700812189.191,2023-11-24 07:49:49.191,0,61.26,152388,0.6250000000051017,0,5.0795086015696285,244541779,null_state
1700812189.715,2023-11-24 07:49:49.715,0,96.36,152424,0.6250000000051017,0,5.0795086015696285,244809918,null_state
1700812190.244,2023-11-24 07:49:50.244,0,83.09,152496,1.0625000000118376,0,5.075728951279942,245061763,null_state
1700812190.772,2023-11-24 07:49:50.772,0,57.86,152532,0.6249999999965894,0,5.061634513425501,245359786,null_state
1700812191.296,2023-11-24 07:49:51.296,0,57.03,152568,0.6249999999965894,0,5.061634513425501,245622097,null_state
1700812191.82,2023-11-24 07:49:51.820,0,54.34,152604,0.7499999999964615,0,5.044638279542204,245903726,null_state
1700812192.343,2023-11-24 07:49:52.343,0,86.23,152640,0.7499999999964615,0,5.044638279542204,246115550,null_state
1700812192.868,2023-11-24 07:49:52.868,0,79.57,152676,0.25000000000545697,0,5.089408846844547,246423696,null_state
1700812193.397,2023-11-24 07:49:53.397,0,64.1,152712,0.25000000000545697,0,5.089408846844547,246694352,null_state
1700812193.92,2023-11-24 07:49:53.920,0,57.61,152748,1.2499999999988631,0,5.075290024149528,246967028,null_state
1700812194.442,2023-11-24 07:49:54.442,0,92.82,152784,1.2499999999988631,0,5.075290024149528,247202403,null_state
1700812194.965,2023-11-24 07:49:54.965,0,84.85,152856,0.9374999999977263,0,5.092944648728446,247485260,null_state
1700812195.488,2023-11-24 07:49:55.488,0,67.15,152892,0.9374999999977263,0,5.092944648728446,247762908,null_state
1700812196.011,2023-11-24 07:49:56.011,0,62.36,152928,0.49999999999953104,0,5.085970584322961,247972941,null_state
1700812196.536,2023-11-24 07:49:56.536,0,92.65,152964,0.49999999999953104,0,5.085970584322961,248225732,null_state
1700812197.06,2023-11-24 07:49:57.060,0,79.83,153000,1.0000000000019185,0,5.085178077004157,248521160,null_state
1700812197.588,2023-11-24 07:49:57.588,0,71.74,153036,1.0000000000019185,0,5.085178077004157,248775753,null_state
1700812198.11,2023-11-24 07:49:58.110,0,60.48,153072,0.06249999999852207,0,5.100247908481743,249030367,null_state
1700812198.637,2023-11-24 07:49:58.637,0,66.36,153108,0.06249999999852207,0,5.100247908481743,249429638,null_state
1700812199.161,2023-11-24 07:49:59.161,0,78.6,153144,1.3750000000044338,0,5.1135010693362215,249814243,null_state
1700812199.682,2023-11-24 07:49:59.682,0,87.79,153180,1.3750000000044338,0,5.1135010693362215,250080857,null_state
1700812200.205,2023-11-24 07:50:00.205,0,67.67,153216,0.24999999999694467,0,5.113184066408699,250328860,null_state
1700812200.727,2023-11-24 07:50:00.727,0,56.91,153252,0.24999999999694467,0,5.113184066408699,250591924,null_state
1700812201.249,2023-11-24 07:50:01.249,0,88.65,153288,1.1250000000046612,0,5.1134035299739065,250892343,null_state
1700812201.771,2023-11-24 07:50:01.771,0,75.71,153360,0.8124999999949836,0,5.117487990770826,251170243,null_state
1700812202.295,2023-11-24 07:50:02.295,0,78.46,153396,0.8124999999949836,0,5.117487990770826,251412932,null_state
1700812202.82,2023-11-24 07:50:02.820,0,58.05,153432,0.687500000003638,0,5.12464494148065,251689567,null_state
1700812203.344,2023-11-24 07:50:03.344,0,82.21,153468,0.687500000003638,0,5.12464494148065,251947862,null_state
1700812203.866,2023-11-24 07:50:03.866,0,80.02,153504,0.49999999999954525,0,5.1055881885684595,252224608,null_state
1700812204.39,2023-11-24 07:50:04.390,0,75.35,153540,0.49999999999954525,0,5.1055881885684595,252456728,null_state
1700812204.914,2023-11-24 07:50:04.914,0,58.92,153576,1.1249999999989626,0,5.1042104450757675,252735015,null_state
1700812205.444,2023-11-24 07:50:05.444,0,82.58,153612,1.1249999999989626,0,5.1042104450757675,253012133,null_state
1700812205.966,2023-11-24 07:50:05.966,0,83.82,153648,0.24999999999977263,0,5.1153787020607755,253271580,null_state
1700812206.488,2023-11-24 07:50:06.488,0,76.25,153684,0.24999999999977263,0,5.1153787020607755,253523028,null_state
1700812207.013,2023-11-24 07:50:07.013,0,59.84,153756,1.562499999997172,0,5.093749348467541,253772154,null_state
1700812207.537,2023-11-24 07:50:07.537,0,70.06,153792,1.562499999997172,0,5.093749348467541,254059646,null_state
1700812208.066,2023-11-24 07:50:08.066,0,83.87,153792,0.18749999999840838,0,5.0466987985710965,254355289,null_state
1700812208.588,2023-11-24 07:50:08.588,0,93.66,153864,0.18749999999840838,0,5.0466987985710965,254661847,null_state
1700812209.112,2023-11-24 07:50:09.112,0,83.45,153900,0.6875000000036522,0,5.0761191087292,255158475,null_state
1700812209.635,2023-11-24 07:50:09.635,0,72.61,153936,0.6875000000036522,0,5.0761191087292,255405557,null_state
1700812210.158,2023-11-24 07:50:10.158,0,62.16,153972,0.5625000000066223,0,5.069242583686029,255663003,null_state
1700812210.684,2023-11-24 07:50:10.684,0,100.99,154008,0.5625000000066223,0,5.069242583686029,255906743,null_state
1700812211.238,2023-11-24 07:50:11.238,0,76.93,154044,1.1874999999946567,0,5.085617004134572,256185256,null_to_cold_process
1700812211.49,2023-11-24 07:50:11.490,0,79.43,154080,1.1874999999946567,0,5.085617004134572,256360008,null_to_cold_process
1700812211.743,2023-11-24 07:50:11.743,0,61.45,154116,1.1874999999946567,0,5.085617004134572,256476946,null_to_cold_process
1700812211.981,2023-11-24 07:50:11.981,0,76.2,154116,1.1249999999989768,0,5.06818184312086,256605858,null_to_cold_process
1700812212.222,2023-11-24 07:50:12.222,0,65.54,154116,1.1249999999989768,0,5.06818184312086,256732309,null_to_cold_process
1700812212.459,2023-11-24 07:50:12.459,0,74.41,154152,1.1249999999989768,0,5.06818184312086,256853888,null_to_cold_process
1700812212.708,2023-11-24 07:50:12.708,0,100.48,154152,1.1249999999989768,0,5.06818184312086,256958746,null_to_cold_process
1700812212.952,2023-11-24 07:50:12.952,0,85.94,154188,1.3750000000015916,0,5.063719417294973,257079016,null_to_cold_process
1700812213.184,2023-11-24 07:50:13.184,0,80.1,154224,1.3750000000015916,0,5.063719417294973,257216651,null_to_cold_process
1700812213.443,2023-11-24 07:50:13.443,0,79.71,154224,1.3750000000015916,0,5.063719417294973,257312911,null_to_cold_process
1700812213.683,2023-11-24 07:50:13.683,0,88.47,154260,1.3750000000015916,0,5.063719417294973,257441103,null_to_cold_process
1700812213.935,2023-11-24 07:50:13.935,0,62.45,154260,0.4374999999981952,0,5.076216648091514,257619905,null_to_cold_process
1700812214.17,2023-11-24 07:50:14.170,0,53.97,154296,0.4374999999981952,0,5.076216648091514,257775377,null_to_cold_process
1700812214.414,2023-11-24 07:50:14.414,0,54.75,154296,0.4374999999981952,0,5.076216648091514,257864331,null_to_cold_process
1700812214.68,2023-11-24 07:50:14.680,0,67.92,154296,0.4374999999981952,0,5.076216648091514,258008977,null_to_cold_process
1700812214.912,2023-11-24 07:50:14.912,0,58.91,154332,1.0625000000032827,0,5.081093616207237,258140311,null_to_cold_process
1700812215.226,2023-11-24 07:50:15.226,0,87.01,154368,1.0625000000032827,0,5.081093616207237,258280715,null_to_cold_process
1700812215.456,2023-11-24 07:50:15.456,0,80.48,154368,1.0625000000032827,0,5.081093616207237,258416294,null_to_cold_process
1700812215.688,2023-11-24 07:50:15.688,0,87.61,154404,1.0625000000032827,0,5.081093616207237,258567477,null_to_cold_process
1700812215.921,2023-11-24 07:50:15.921,0,72.62,154404,1.1249999999961346,0,5.092761762424107,258689001,null_to_cold_process
1700812231.17,2023-11-24 07:50:31.170,0,88.08,155556,0.37500000000532907,0,5.095102707119654,266703184,cold_state
1700812231.698,2023-11-24 07:50:31.698,0,91.65,155592,0.37500000000532907,0,5.095102707119654,266993585,cold_state
1700812232.224,2023-11-24 07:50:32.224,0,76.12,155628,0.6875000000007816,0,5.077460274961024,267273504,cold_state
1700812232.753,2023-11-24 07:50:32.753,0,52.72,155664,0.6875000000007816,0,5.106844007858259,267542019,cold_state
1700812233.275,2023-11-24 07:50:33.275,0,56.64,155700,0.6250000000022737,0,5.106844007858259,267771600,cold_state
1700812233.803,2023-11-24 07:50:33.803,0,79.12,155736,0.9374999999948699,0,5.111635629031957,268070965,cold_state
1700812234.326,2023-11-24 07:50:34.326,0,74.65,155772,0.9374999999948699,0,5.111635629031957,268298544,cold_state
1700812234.866,2023-11-24 07:50:34.866,0,54.2,155808,0.49999999999954525,0,5.112647599915969,268585056,cold_state
1700812235.4,2023-11-24 07:50:35.400,0,53.18,155844,0.49999999999954525,0,5.112647599915969,268842966,cold_state
1700812235.924,2023-11-24 07:50:35.924,0,80.08,155880,0.8125000000035243,0,5.11281829380002,269146124,cold_state
1700812236.449,2023-11-24 07:50:36.449,0,56.43,155916,0.8125000000035243,0,5.11281829380002,269393819,cold_state
1700812236.972,2023-11-24 07:50:36.972,0,57.51,155952,0.6249999999994174,0,5.126108031915367,269651299,cold_state
1700812237.501,2023-11-24 07:50:37.501,0,87.05,155988,0.6249999999994174,0,5.126108031915367,269912869,cold_state
1700812238.026,2023-11-24 07:50:38.026,0,83.47,156060,0.8124999999978542,0,5.096431680931189,270262659,cold_state
1700812238.548,2023-11-24 07:50:38.548,0,69.34,156096,0.8124999999978542,0,5.096431680931189,270543390,cold_state
1700812239.077,2023-11-24 07:50:39.077,0,60.9,156096,0.874999999996362,0,5.110245693118976,271018973,cold_state
1700812239.609,2023-11-24 07:50:39.609,0,96.79,156168,0.874999999996362,0,5.110245693118976,271309070,cold_state
1700812240.132,2023-11-24 07:50:40.132,0,88.88,156204,1.2500000000073896,0,5.12340131461114,271561903,cold_state
1700812240.656,2023-11-24 07:50:40.656,0,88.4,156240,1.2500000000073896,0,5.12340131461114,271835267,cold_state
1700812241.184,2023-11-24 07:50:41.184,0,62.45,156276,0.8125000000006963,0,5.095736712974698,272084433,cold_state
1700812241.708,2023-11-24 07:50:41.708,0,80.53,156312,0.8125000000006963,0,5.095736712974698,272367374,cold_state
1700812242.231,2023-11-24 07:50:42.231,0,82.66,156348,0.437499999998181,0,5.076789691845112,272657474,cold_state
1700812242.757,2023-11-24 07:50:42.757,0,57.85,156384,0.6249999999994174,0,5.0674990675846585,272927586,cold_state
1700812243.28,2023-11-24 07:50:43.280,0,62.54,156420,0.6249999999994174,0,5.0674990675846585,273156063,cold_state
1700812243.811,2023-11-24 07:50:43.811,0,82.24,156456,0.8124999999978542,0,5.054672641440305,273477724,cold_state
1700812244.342,2023-11-24 07:50:44.342,0,76.13,156528,0.8124999999978542,0,5.054672641440305,273753052,cold_state
1700812244.867,2023-11-24 07:50:44.867,0,56.42,156564,0.7500000000021743,0,5.0726564613670355,274048264,cold_state
1700812245.39,2023-11-24 07:50:45.390,0,55.24,156600,0.7500000000021743,0,5.0726564613670355,274290288,cold_state
1700812245.913,2023-11-24 07:50:45.913,0,81.68,156636,0.9374999999977263,0,5.086775284062056,274596772,cold_state
1700812246.438,2023-11-24 07:50:46.438,0,80.41,156672,0.9374999999977263,0,5.086775284062056,274847282,cold_state
1700812246.965,2023-11-24 07:50:46.965,0,59.85,156708,0.5625000000009095,0,5.092249680771956,275093199,cold_state
1700812247.488,2023-11-24 07:50:47.488,0,59.64,156744,0.5625000000009095,0,5.092249680771956,275352201,cold_state
1700812248.012,2023-11-24 07:50:48.012,0,64.63,156780,1.1875000000031832,0,5.0592447990487965,275644774,cold_state
1700812248.534,2023-11-24 07:50:48.534,0,68.25,156816,1.1875000000031832,0,5.0592447990487965,275904795,cold_state
1700812249.062,2023-11-24 07:50:49.062,0,56.86,156816,0.437499999998181,0,5.061049277251614,276247507,cold_state
1700812249.588,2023-11-24 07:50:49.588,0,92.15,156888,0.437499999998181,0,5.061049277251614,276662534,cold_state
1700812250.11,2023-11-24 07:50:50.110,0,82.35,156924,0.7499999999993179,0,5.086409511453377,276944376,cold_state
1700812250.637,2023-11-24 07:50:50.637,0,69.22,156960,0.7499999999993179,0,5.086409511453377,277207731,cold_state
1700812251.162,2023-11-24 07:50:51.162,0,53.29,156996,0.625000000002288,0,5.10222308056861,277463735,cold_state
1700812251.687,2023-11-24 07:50:51.687,0,65.32,157032,0.625000000002288,0,5.10222308056861,277743157,cold_state
1700812252.213,2023-11-24 07:50:52.213,0,93.16,157068,0.5624999999980531,0,5.069815627439627,278025332,cold_state
1700812252.74,2023-11-24 07:50:52.740,0,91.58,157140,0.5624999999980531,0,5.069815627439627,278331455,cold_state
1700812253.262,2023-11-24 07:50:53.262,0,81.95,157176,0.9374999999948841,0,5.069132851903426,278588698,cold_state
1700812253.787,2023-11-24 07:50:53.787,0,74.96,157212,0.7500000000078444,0,5.085421925409943,278892881,cold_state
1700812254.309,2023-11-24 07:50:54.309,0,61.35,157248,0.7500000000078444,0,5.085421925409943,279118488,cold_state
1700812254.834,2023-11-24 07:50:54.834,0,54.18,157284,0.874999999996362,0,5.110428579423316,279404607,cold_state
1700812255.355,2023-11-24 07:50:55.355,0,90.91,157320,0.874999999996362,0,5.110428579423316,279648282,cold_state
1700812255.88,2023-11-24 07:50:55.880,0,77.22,157356,0.18749999999840838,0,5.09677306869929,279936095,cold_state
1700812256.403,2023-11-24 07:50:56.403,0,68.47,157392,0.18749999999840838,0,5.09677306869929,280180946,cold_state
1700812256.926,2023-11-24 07:50:56.926,0,60.48,157428,1.3124999999973852,0,5.094505278525478,280455411,cold_state
1700812257.452,2023-11-24 07:50:57.452,0,54.33,157464,1.3124999999973852,0,5.094505278525478,280706236,cold_state
1700812257.98,2023-11-24 07:50:57.980,0,82.94,157500,0.6250000000051159,0,5.094724742090685,280985358,cold_state
1700812258.505,2023-11-24 07:50:58.505,0,84.39,157572,0.6250000000051159,0,5.094724742090685,281230274,cold_state
1700812259.029,2023-11-24 07:50:59.029,0,60.45,157572,0.5625000000008953,0,5.093273844076258,281508734,cold_state
1700812259.557,2023-11-24 07:50:59.557,0,70.21,157608,0.5625000000008953,0,5.093273844076258,281972621,cold_state
1700812260.078,2023-11-24 07:51:00.078,0,97.18,157644,1.0624999999976126,0,5.068632962671564,282249991,cold_state
1700812260.601,2023-11-24 07:51:00.601,0,105.97,157716,1.0624999999976126,0,5.068632962671564,282523597,cold_state
1700812261.125,2023-11-24 07:51:01.125,0,92.58,157752,1.2500000000017053,0,5.103515477119277,282789426,cold_state
1700812261.649,2023-11-24 07:51:01.649,0,107.76,157824,1.2500000000017053,0,5.103515477119277,283045956,cold_state
1700812262.177,2023-11-24 07:51:02.177,0,81.47,157860,0.6249999999937472,0,5.088311529018509,283340268,cold_state
1700812262.701,2023-11-24 07:51:02.701,0,77.33,157896,0.6249999999937472,0,5.088311529018509,283625986,cold_state
1700812263.223,2023-11-24 07:51:03.223,0,55.77,157932,0.43750000000385114,0,5.102418159293239,283853349,cold_state
1700812263.748,2023-11-24 07:51:03.748,0,54.21,157968,0.43750000000385114,0,5.102418159293239,284113011,cold_state
1700812264.273,2023-11-24 07:51:04.273,0,63.56,158004,0.6249999999994174,0,5.0802889164681435,284377400,cold_state
1700812264.801,2023-11-24 07:51:04.801,0,77.02,158040,0.49999999999954525,0,5.074729172816219,284659121,cold_state
1700812265.325,2023-11-24 07:51:05.325,0,57.19,158076,0.49999999999954525,0,5.074729172816219,284901872,cold_state
1700812265.858,2023-11-24 07:51:05.858,0,54.58,158112,0.8750000000077449,0,5.077923586932018,285201026,cold_state
1700812266.385,2023-11-24 07:51:06.385,0,81.33,158148,0.8750000000077449,0,5.077923586932018,285443599,cold_state
1700812266.907,2023-11-24 07:51:06.907,0,79.71,158184,0.9374999999977263,0,5.080630304236244,285715228,cold_state
1700812267.437,2023-11-24 07:51:07.437,0,71.56,158220,0.9374999999977263,0,5.080630304236244,285970735,cold_state
1700812267.958,2023-11-24 07:51:07.958,0,63.2,158256,0.43750000000100897,0,5.06004949878789,286317469,cold_state
1700812268.48,2023-11-24 07:51:08.480,0,53.97,158292,0.43750000000100897,0,5.06004949878789,286607815,cold_state
1700812269.003,2023-11-24 07:51:09.003,0,83.61,158328,1.1454183266925355,0,5.063426799208029,286877424,cold_state
1700812269.527,2023-11-24 07:51:09.527,0,81.53,158364,1.1454183266925355,0,5.063426799208029,287365080,cold_state
1700812270.05,2023-11-24 07:51:10.050,0,59.91,158400,0.6651606425678835,0,5.062341673802281,287642502,cold_state
1700812270.578,2023-11-24 07:51:10.578,0,65.57,158436,0.6651606425678835,0,5.062341673802281,287904847,cold_state
1700812271.101,2023-11-24 07:51:11.101,0,93.9,158508,0.8124999999949978,0,5.081630082699968,288166516,cold_state
1700812271.625,2023-11-24 07:51:11.625,0,99.03,158544,0.8124999999949978,0,5.081630082699968,288431408,cold_state
1700812272.147,2023-11-24 07:51:12.147,0,118.26,158580,0.7500000000021458,0,5.070949522526533,288712003,cold_state
1700812272.671,2023-11-24 07:51:12.671,0,101.21,158652,0.7500000000021458,0,5.070949522526533,288974142,cold_state
1700812273.195,2023-11-24 07:51:13.195,0,90.45,158688,1.9375000000053433,0,5.0689377731787975,289257347,cold_state
1700812273.72,2023-11-24 07:51:13.720,0,82.39,158760,1.9375000000053433,0,5.0689377731787975,289525785,cold_state
1700812274.243,2023-11-24 07:51:14.243,0,72.23,158760,1.0624999999976268,0,5.055623650222872,289883611,cold_state
1700812274.768,2023-11-24 07:51:14.768,0,63.69,158796,0.18750000000407852,0,5.05511156857072,290141047,cold_state
1700812275.289,2023-11-24 07:51:15.289,0,59.99,158832,0.18750000000407852,0,5.05511156857072,290366364,cold_state
1700812275.814,2023-11-24 07:51:15.814,0,86.45,158904,0.7499999999993179,0,5.07699696299003,290656189,cold_state
1700812276.336,2023-11-24 07:51:16.336,0,75.77,158940,0.7499999999993179,0,5.07699696299003,290920842,cold_state
1700812276.859,2023-11-24 07:51:16.859,0,59.59,158976,1.1874999999918145,0,5.090042852699591,291202713,cold_state
1700812277.381,2023-11-24 07:51:17.381,0,54.07,159012,1.1874999999918145,0,5.090042852699591,291438227,cold_state
1700812277.907,2023-11-24 07:51:17.907,0,89.92,159048,0.8125000000035385,0,5.074387785048118,291719525,cold_state
1700812278.43,2023-11-24 07:51:18.430,0,78.4,159084,0.8125000000035385,0,5.074387785048118,291998768,cold_state
1700812278.952,2023-11-24 07:51:18.952,0,82.11,159120,0.9375000000005969,0,5.064950851744192,292280311,cold_state
1700812279.478,2023-11-24 07:51:19.478,0,55.11,159156,0.9375000000005969,0,5.064950851744192,292781335,cold_state
1700812280.003,2023-11-24 07:51:20.003,0,63.46,159192,0.1874999999955662,0,5.035115999296254,293053378,cold_state
1700812280.53,2023-11-24 07:51:20.530,0,91.59,159228,0.1874999999955662,0,5.035115999296254,293325347,cold_state
1700812281.054,2023-11-24 07:51:21.054,0,85.09,159264,1.0000000000047748,0,5.068145265859992,293572886,cold_state
1700812281.582,2023-11-24 07:51:21.582,0,67.27,159300,1.0000000000047748,0,5.068145265859992,293832521,cold_state
1700812282.106,2023-11-24 07:51:22.106,0,54.98,159336,0.5625000000008953,0,5.068693924773011,294119165,cold_state
1700812282.63,2023-11-24 07:51:22.630,0,97.69,159372,0.5625000000008953,0,5.068693924773011,294393834,cold_state
1700812283.154,2023-11-24 07:51:23.154,0,76.35,159444,0.5624999999980531,0,5.152967933812715,294680984,cold_state
1700812283.678,2023-11-24 07:51:23.678,0,89.26,159480,0.5624999999980531,0,5.152967933812715,294969719,cold_state
1700812284.203,2023-11-24 07:51:24.203,0,53.97,159516,1.3125000000002416,0,5.0680599189179665,295250137,cold_state
1700812284.725,2023-11-24 07:51:24.725,0,52.35,159516,1.3125000000002416,0,5.0680599189179665,295522178,cold_state
1700812285.25,2023-11-24 07:51:25.250,0,82.87,159552,0.6874999999979678,0,5.067547837265816,295764269,cold_state
1700812285.772,2023-11-24 07:51:25.772,0,74.77,159624,0.5625000000009095,0,5.065426356135476,296062840,cold_state
1700812286.296,2023-11-24 07:51:26.296,0,55.22,159660,0.5625000000009095,0,5.065426356135476,296319919,cold_state
1700812286.82,2023-11-24 07:51:26.820,0,56.75,159696,0.6875000000007958,0,5.077057925091476,296602888,cold_state
1700812287.342,2023-11-24 07:51:27.342,0,88.05,159732,0.6875000000007958,0,5.077057925091476,296837141,cold_state
1700812287.868,2023-11-24 07:51:27.868,0,92.5,159768,0.31250000000396483,0,5.0889821121344205,297115137,cold_state
1700812288.392,2023-11-24 07:51:28.392,0,93.59,159804,0.31250000000396483,0,5.0889821121344205,297376486,cold_state
1700812288.914,2023-11-24 07:51:28.914,0,101.59,159876,0.8124999999921698,0,5.094505278525478,297685015,cold_state
1700812289.443,2023-11-24 07:51:29.443,0,92.6,159912,0.8124999999921698,0,5.094505278525478,298070585,cold_state
1700812289.985,2023-11-24 07:51:29.985,0,88.97,159984,1.000000000007617,0,5.106002730858297,298421596,cold_state
1700812290.512,2023-11-24 07:51:30.512,0,71.7,160020,1.000000000007617,0,5.106002730858297,298706984,cold_state
1700812291.038,2023-11-24 07:51:31.038,0,62.71,160056,0.5625000000009095,0,5.095968368960195,298966737,cold_state
1700812291.562,2023-11-24 07:51:31.562,0,68.47,160092,0.5625000000009095,0,5.095968368960195,299214731,cold_state
1700812292.086,2023-11-24 07:51:32.086,0,85.66,160128,0.43750000000100897,0,5.076704344903087,299473509,cold_state
1700812292.613,2023-11-24 07:51:32.613,0,90.94,160164,0.43750000000100897,0,5.076704344903087,299771598,cold_state
1700812293.138,2023-11-24 07:51:33.138,0,68.69,160200,1.499999999990095,0,5.093127535032786,300039075,cold_state
1700812293.664,2023-11-24 07:51:33.664,0,67.56,160236,1.499999999990095,0,5.093127535032786,300294868,cold_state
1700812294.207,2023-11-24 07:51:34.207,0,60.64,160272,0.24999999999978684,0,5.0909207069604205,300544297,cold_to_null_process
1700812374.763,2023-11-24 07:52:54.763,0,78.81,166644,1.124999999998991,0,5.164843351174502,379938059,warm_disk_state
1700812375.288,2023-11-24 07:52:55.288,0,59.71,166680,1.124999999998991,0,5.164843351174502,380195674,warm_disk_state
1700812375.811,2023-11-24 07:52:55.811,0,57.54,166716,0.06249999999850786,0,5.148603047349142,380493029,warm_disk_state
1700812376.338,2023-11-24 07:52:56.338,0,55.95,166752,0.06249999999850786,0,5.148603047349142,380722946,warm_disk_state
1700812376.863,2023-11-24 07:52:56.863,0,60.9,166788,0.8125000000006821,0,5.148005618754966,381011625,warm_disk_state
1700812377.386,2023-11-24 07:52:57.386,0,84.54,166824,0.8125000000006821,0,5.148005618754966,381251762,warm_disk_state
1700812377.908,2023-11-24 07:52:57.908,0,81.61,166896,0.8125000000006821,0,5.165209123783181,381527153,warm_disk_state
1700812378.429,2023-11-24 07:52:58.429,0,55.78,166896,0.8125000000006821,0,5.165209123783181,381780720,warm_disk_state
1700812378.952,2023-11-24 07:52:58.952,0,61.67,166932,0.8125000000035385,0,5.18004729927527,382063685,warm_disk_state
1700812379.478,2023-11-24 07:52:59.478,0,70.0,166968,0.8125000000035385,0,5.18004729927527,382325705,warm_disk_state
1700812380.001,2023-11-24 07:53:00.001,0,89.53,167004,0.6249999999994316,0,5.169476470884439,382584577,warm_disk_state
1700812380.525,2023-11-24 07:53:00.525,0,92.39,167076,0.6249999999994316,0,5.169476470884439,382866524,warm_disk_state
1700812381.049,2023-11-24 07:53:01.049,0,79.68,167076,1.1249999999933067,0,5.141068131610349,383125407,warm_disk_state
1700812381.571,2023-11-24 07:53:01.571,0,69.22,167112,1.1249999999933067,0,5.141068131610349,383376351,warm_disk_state
1700812382.096,2023-11-24 07:53:02.096,0,84.47,167184,0.7500000000050164,0,5.129497524755795,383637476,warm_disk_state
1700812382.618,2023-11-24 07:53:02.618,0,91.37,167220,0.7500000000050164,0,5.129497524755795,383915267,warm_disk_state
1700812383.141,2023-11-24 07:53:03.141,0,54.38,167256,0.7499999999964757,0,5.127217542161694,384165239,warm_disk_state
1700812383.663,2023-11-24 07:53:03.663,0,58.4,167292,0.7499999999964757,0,5.127217542161694,384416968,warm_disk_state
1700812384.195,2023-11-24 07:53:04.195,0,88.81,167328,0.8750000000020464,0,5.141226633074111,384669243,warm_disk_state
1700812384.719,2023-11-24 07:53:04.719,0,80.67,167364,0.8750000000020464,0,5.141226633074111,385181416,warm_disk_state
1700812385.244,2023-11-24 07:53:05.244,0,76.67,167400,0.7500000000021458,0,5.140580434798777,385437704,warm_disk_state
1700812385.771,2023-11-24 07:53:05.771,0,59.89,167436,0.8124999999978542,0,5.144457624450777,385754435,warm_disk_state
1700812386.294,2023-11-24 07:53:06.294,0,52.95,167472,0.8124999999978542,0,5.144457624450777,385980733,warm_disk_state
1700812386.817,2023-11-24 07:53:06.817,0,56.69,167508,0.5000000000023874,0,5.167269642812075,386285672,warm_disk_state
1700812387.343,2023-11-24 07:53:07.343,0,79.02,167544,0.5000000000023874,0,5.167269642812075,386530035,warm_disk_state
1700812387.866,2023-11-24 07:53:07.866,0,81.12,167580,0.8749999999935341,0,5.176706576116,386811418,warm_disk_state
1700812388.388,2023-11-24 07:53:08.388,0,57.81,167616,0.8749999999935341,0,5.176706576116,387055059,warm_disk_state
1700812388.912,2023-11-24 07:53:08.912,0,59.08,167652,0.6875000000007816,0,5.183192943709912,387428462,warm_disk_state
1700812389.463,2023-11-24 07:53:09.463,0,89.11,167724,0.6875000000007816,0,5.183192943709912,387693922,warm_disk_state
1700812389.987,2023-11-24 07:53:09.987,0,81.71,167724,1.2500000000073754,0,5.156979240087898,387942860,warm_disk_state
1700812390.513,2023-11-24 07:53:10.513,0,66.95,167796,1.2500000000073754,0,5.156979240087898,388217050,warm_disk_state
1700812391.036,2023-11-24 07:53:11.036,0,61.53,167796,0.31250000000112266,0,5.171000523420603,388488865,warm_disk_state
1700812391.56,2023-11-24 07:53:11.560,0,63.28,167832,0.31250000000112266,0,5.171000523420603,388745795,warm_disk_state
1700812392.084,2023-11-24 07:53:12.084,0,76.82,167868,0.874999999996362,0,5.170305555464112,389019092,warm_disk_state
1700812392.616,2023-11-24 07:53:12.616,0,91.68,167904,0.874999999996362,0,5.170305555464112,389295904,warm_disk_state
1700812393.154,2023-11-24 07:53:13.154,0,55.29,167940,2.562499999996234,0,5.134752457900487,389544031,warm_disk_state
1700812393.701,2023-11-24 07:53:13.701,0,60.19,167976,2.562499999996234,0,5.134752457900487,389796464,warm_disk_state
1700812394.236,2023-11-24 07:53:14.236,0,90.93,168012,0.2500000000026148,0,5.1317653149296065,390102873,warm_disk_state
1700812394.759,2023-11-24 07:53:14.759,0,98.6,168084,1.250000000001691,0,5.1490297820592685,390610649,warm_disk_state
1700812395.282,2023-11-24 07:53:15.282,0,91.73,168156,1.250000000001691,0,5.1490297820592685,390841154,warm_disk_state
1700812395.808,2023-11-24 07:53:15.808,0,100.12,168192,0.06249999999852207,0,5.14900539721869,391159462,warm_disk_state
1700812396.33,2023-11-24 07:53:16.330,0,80.24,168228,0.06249999999852207,0,5.14900539721869,391395654,warm_disk_state
1700812396.854,2023-11-24 07:53:16.854,0,79.79,168300,0.750000000004988,0,5.150188061986753,391694333,warm_disk_state
1700812397.38,2023-11-24 07:53:17.380,0,56.33,168300,0.750000000004988,0,5.150188061986753,391939979,warm_disk_state
1700812397.905,2023-11-24 07:53:17.905,0,58.3,168336,0.7499999999908056,0,5.164026459015118,392218250,warm_disk_state
1700812398.428,2023-11-24 07:53:18.428,0,85.84,168372,0.7499999999908056,0,5.164026459015118,392465880,warm_disk_state
1700812398.952,2023-11-24 07:53:18.952,0,89.29,168444,0.6875000000036522,0,5.131314195378902,392729278,warm_disk_state
1700812399.476,2023-11-24 07:53:19.476,0,67.03,168480,0.6875000000036522,0,5.131314195378902,392990262,warm_disk_state
1700812400,2023-11-24 07:53:20.000,0,66.63,168516,1.0000000000019327,0,5.144506394131934,393242058,warm_disk_state
1700812400.524,2023-11-24 07:53:20.524,0,64.27,168552,1.0000000000019327,0,5.144506394131934,393503344,warm_disk_state
1700812401.047,2023-11-24 07:53:21.047,0,89.93,168552,1.125000000001819,0,5.136739822407645,393778295,warm_disk_state
1700812401.574,2023-11-24 07:53:21.574,0,101.25,168624,1.125000000001819,0,5.136739822407645,394037816,warm_disk_state
1700812402.096,2023-11-24 07:53:22.096,0,94.33,168696,0.5625000000009095,0,5.13663009062504,394289933,warm_disk_state
1700812402.62,2023-11-24 07:53:22.620,0,100.37,168732,0.5625000000009095,0,5.13663009062504,394563072,warm_disk_state
1700812403.143,2023-11-24 07:53:23.143,0,82.67,168768,0.43750000000386535,0,5.134801227581645,394838752,warm_disk_state
1700812403.664,2023-11-24 07:53:23.664,0,76.37,168840,0.43750000000386535,0,5.134801227581645,395086697,warm_disk_state
1700812404.19,2023-11-24 07:53:24.190,0,55.65,168840,1.187499999994671,0,5.135374271335242,395378543,warm_disk_state
1700812404.719,2023-11-24 07:53:24.719,0,58.7,168876,1.187499999994671,0,5.135374271335242,395822531,warm_disk_state
1700812405.295,2023-11-24 07:53:25.295,0,81.19,168948,0.43750000000100897,0,5.145542749856526,396137649,warm_disk_state
1700812405.818,2023-11-24 07:53:25.818,0,80.73,168984,0.5625000000037517,0,5.244057505794143,396462559,warm_disk_state
1700812406.341,2023-11-24 07:53:26.341,0,54.48,169020,0.5625000000037517,0,5.244057505794143,396706023,warm_disk_state
1700812406.866,2023-11-24 07:53:26.866,0,63.35,169056,1.1249999999932925,0,5.155101607363344,397013113,warm_disk_state
1700812407.391,2023-11-24 07:53:27.391,0,85.19,169092,1.1249999999932925,0,5.155101607363344,397262464,warm_disk_state
1700812407.917,2023-11-24 07:53:27.917,0,87.95,169128,0.37500000000532907,0,5.14298234159577,397533143,warm_disk_state
1700812408.439,2023-11-24 07:53:28.439,0,67.53,169164,0.37500000000532907,0,5.14298234159577,397785486,warm_disk_state
1700812408.966,2023-11-24 07:53:28.966,0,64.42,169200,1.249999999998849,0,5.144482009291356,398070542,warm_disk_state
1700812409.491,2023-11-24 07:53:29.491,0,62.72,169236,1.249999999998849,0,5.144482009291356,398333917,warm_disk_state
1700812410.015,2023-11-24 07:53:30.015,0,87.23,169272,0.6875000000007816,0,5.113744917742007,398585045,warm_disk_state
1700812410.538,2023-11-24 07:53:30.538,0,66.59,169308,0.6875000000007816,0,5.113744917742007,398846981,warm_disk_state
1700812411.061,2023-11-24 07:53:31.061,0,56.15,169344,0.5624999999980531,0,5.126095839495077,399108906,warm_disk_state
1700812411.583,2023-11-24 07:53:31.583,0,62.86,169380,0.5624999999980531,0,5.126095839495077,399367193,warm_disk_state
1700812412.143,2023-11-24 07:53:32.143,0,86.32,169416,0.5624999999952109,0,5.154638295392351,399621615,warm_disk_state
1700812412.669,2023-11-24 07:53:32.669,0,72.49,169452,0.5624999999952109,0,5.154638295392351,399889394,warm_disk_state
1700812413.194,2023-11-24 07:53:33.194,0,61.32,169488,0.8750000000105587,0,5.142506837204488,400163620,warm_disk_state
1700812413.716,2023-11-24 07:53:33.716,0,69.31,169524,0.8750000000105587,0,5.142506837204488,400419785,warm_disk_state
1700812414.239,2023-11-24 07:53:34.239,0,85.52,169560,0.7499999999936335,0,5.1411778633929535,400629848,warm_disk_state
1700812414.763,2023-11-24 07:53:34.763,0,73.83,169596,1.0624999999891003,0,5.13065580468328,401084065,warm_disk_state
1700812415.287,2023-11-24 07:53:35.287,0,53.78,169632,1.0624999999891003,0,5.13065580468328,401370695,warm_disk_state
1700812415.815,2023-11-24 07:53:35.815,0,70.86,169668,0.5625000000094218,0,5.133947758161392,401683566,warm_disk_state
1700812416.34,2023-11-24 07:53:36.340,0,78.1,169704,0.5625000000094218,0,5.133947758161392,401936817,warm_disk_state
1700812416.868,2023-11-24 07:53:36.868,0,76.39,169776,0.6249999999965752,0,5.121938224176423,402221059,warm_disk_state
1700812417.395,2023-11-24 07:53:37.395,0,57.59,169812,0.6249999999965752,0,5.121938224176423,402500227,warm_disk_state
1700812417.923,2023-11-24 07:53:37.923,0,58.94,169848,0.7499999999993321,0,5.1206336352054675,402768847,warm_disk_state
1700812418.448,2023-11-24 07:53:38.448,0,88.84,169884,0.7499999999993321,0,5.1206336352054675,403021727,warm_disk_state
1700812418.973,2023-11-24 07:53:38.973,0,81.21,169920,1.1875000000060112,0,5.153248359479369,403392073,warm_disk_state
1700812419.516,2023-11-24 07:53:39.516,0,69.04,169956,1.1875000000060112,0,5.153248359479369,403659568,warm_disk_state
1700812420.046,2023-11-24 07:53:40.046,0,57.61,169992,0.12499999999702993,0,5.15339466852284,403921808,warm_disk_state
1700812420.569,2023-11-24 07:53:40.569,0,91.22,170028,0.12499999999702993,0,5.15339466852284,404193210,warm_disk_state
1700812421.092,2023-11-24 07:53:41.092,0,82.33,170064,1.5624999999943157,0,5.136752014827934,404456615,warm_disk_state
1700812421.616,2023-11-24 07:53:41.616,0,66.22,170100,1.5624999999943157,0,5.136752014827934,404700556,warm_disk_state
1700812422.141,2023-11-24 07:53:42.141,0,62.72,170136,0.18749999999840838,0,5.120926253292411,404956525,warm_disk_state
1700812422.663,2023-11-24 07:53:42.663,0,62.66,170172,0.18749999999840838,0,5.120926253292411,405223777,warm_disk_state
1700812423.19,2023-11-24 07:53:43.190,0,80.13,170208,0.5000000000023732,0,5.10400317393085,405498635,warm_disk_state
1700812423.714,2023-11-24 07:53:43.714,0,59.47,170244,0.5000000000023732,0,5.10400317393085,405767986,warm_disk_state
1700812424.241,2023-11-24 07:53:44.241,0,61.62,170280,1.062500000006139,0,5.105002952394573,406061873,warm_disk_state
1700812424.788,2023-11-24 07:53:44.788,0,61.79,170316,1.1250000000046612,0,5.14653033589996,406559385,warm_disk_state
1700812425.311,2023-11-24 07:53:45.311,0,86.35,170388,1.1250000000046612,0,5.14653033589996,406884220,warm_disk_state
1700812425.834,2023-11-24 07:53:45.834,0,82.99,170424,0.0624999999956799,0,5.17687727000005,407180718,warm_disk_state
1700812426.356,2023-11-24 07:53:46.356,0,64.94,170460,0.0624999999956799,0,5.17687727000005,407436320,warm_disk_state
1700812426.881,2023-11-24 07:53:46.881,0,63.78,170496,0.812499999995012,0,5.173195159072678,407716399,warm_disk_state
1700812427.404,2023-11-24 07:53:47.404,0,90.84,170532,0.812499999995012,0,5.173195159072678,407981828,warm_disk_state
1700812427.937,2023-11-24 07:53:47.937,0,82.66,170568,0.750000000004988,0,5.144006504900073,408265748,warm_disk_state
1700812428.459,2023-11-24 07:53:48.459,0,67.43,170604,0.750000000004988,0,5.144006504900073,408518399,warm_disk_state
1700812428.982,2023-11-24 07:53:48.982,0,66.56,170640,0.6875000000007958,0,5.160527234392086,408793585,warm_disk_state
1700812429.506,2023-11-24 07:53:49.506,0,92.19,170676,0.6875000000007958,0,5.160527234392086,409071276,warm_disk_state
1700812430.034,2023-11-24 07:53:50.034,0,83.14,170712,0.8124999999921556,0,5.158613024406665,409331098,warm_disk_state
1700812430.556,2023-11-24 07:53:50.556,0,65.97,170748,0.8124999999921556,0,5.158613024406665,409596510,warm_disk_state
1700812431.08,2023-11-24 07:53:51.080,0,57.17,170784,0.6875000000036522,0,5.15588192226186,409849445,warm_disk_state
1700812431.607,2023-11-24 07:53:51.607,0,64.78,170820,0.6875000000036522,0,5.15588192226186,410129476,warm_disk_state
1700812432.132,2023-11-24 07:53:52.132,0,79.99,170856,0.5624999999980531,0,5.168293806116377,410393677,warm_disk_state
1700812432.653,2023-11-24 07:53:52.653,0,64.35,170928,0.5624999999980531,0,5.168293806116377,410659051,warm_disk_state
1700812433.184,2023-11-24 07:53:53.184,0,58.07,170928,1.3125000000059117,0,5.1994088626946935,410934404,warm_disk_state
1700812433.711,2023-11-24 07:53:53.711,0,59.23,170964,1.3125000000059117,0,5.1994088626946935,411208160,warm_disk_state
1700812434.235,2023-11-24 07:53:54.235,0,82.41,171000,0.7500000000021458,0,5.201323072680115,411483713,warm_disk_state
1700812434.76,2023-11-24 07:53:54.760,0,63.35,171072,0.43750000000100897,0,5.196702145390467,411794803,warm_disk_state
1700812435.3,2023-11-24 07:53:55.300,0,58.02,171108,0.43750000000100897,0,5.196702145390467,412201662,warm_disk_state
1700812435.826,2023-11-24 07:53:55.826,0,61.96,171108,0.6874999999979394,0,5.185363194521409,412507963,warm_disk_state
1700812436.349,2023-11-24 07:53:56.349,0,81.89,171180,0.6874999999979394,0,5.185363194521409,412760390,warm_disk_state
1700812436.873,2023-11-24 07:53:56.873,0,83.69,171216,0.874999999996362,0,5.167098948928024,413223332,warm_disk_state
1700812437.397,2023-11-24 07:53:57.397,0,61.44,171252,0.874999999996362,0,5.167098948928024,413486506,warm_disk_state
1700812437.952,2023-11-24 07:53:57.952,0,62.4,171288,0.6874999999950973,0,5.151651152421469,413777079,warm_disk_to_warm_cpu_process
1700812438.193,2023-11-24 07:53:58.193,0,54.62,171288,0.6874999999950973,0,5.151651152421469,413884344,warm_disk_to_warm_cpu_process
1700812438.445,2023-11-24 07:53:58.445,0,94.18,171324,0.6874999999950973,0,5.151651152421469,414009160,warm_disk_to_warm_cpu_process
1700812438.68,2023-11-24 07:53:58.680,0,81.12,171360,0.6874999999950973,0,5.151651152421469,414126508,warm_disk_to_warm_cpu_process
1700812441.243,2023-11-24 07:54:01.243,0,78.18,171540,1.2500000000074039,0,5.150273408928777,414467694,warm_disk_to_warm_cpu_process
1700812445.102,2023-11-24 07:54:05.102,0,82.0,171792,0.9375000000034106,0,5.176096955101534,415019569,warm_disk_to_warm_cpu_process
1700812449.607,2023-11-24 07:54:09.607,0,93.34,172152,0.7500000000078302,0,5.177816086362327,416108718,warm_disk_to_warm_cpu_process
1700812450.11,2023-11-24 07:54:10.110,1,79.93,172188,1.0625000000004547,0,5.1767675382174465,418079214,warm_disk_to_warm_cpu_process
1700812450.482,2023-11-24 07:54:10.482,1,98.69,172224,1.0625000000004547,0,5.1767675382174465,420253360,warm_disk_to_warm_cpu_process
1700812450.805,2023-11-24 07:54:10.805,1,92.14,172260,13.874999999995921,0,5.4037172494826455,421143165,warm_disk_to_warm_cpu_process
1700812451.089,2023-11-24 07:54:11.089,1,98.57,172296,13.874999999995921,0,5.4037172494826455,422011432,warm_disk_to_warm_cpu_process
1700812451.363,2023-11-24 07:54:11.363,1,100.31,172296,13.874999999995921,0,5.4037172494826455,422644014,warm_disk_to_warm_cpu_process
1700812451.694,2023-11-24 07:54:11.694,1,104.11,172332,13.874999999995921,0,5.4037172494826455,423602962,warm_disk_to_warm_cpu_process
1700812472.04,2023-11-24 07:54:32.040,1,98.32,174096,0.687500000003638,0,6.581675743313951,465686689,warm_cpu_state
1700812472.583,2023-11-24 07:54:32.583,1,109.37,174132,0.687500000003638,0,6.581675743313951,466700328,warm_cpu_state
1700812473.129,2023-11-24 07:54:33.129,1,93.54,174168,0.6874999999951115,0,6.582200017386391,467734204,warm_cpu_state
1700812473.685,2023-11-24 07:54:33.685,1,85.98,174240,0.6874999999951115,0,6.582200017386391,468834348,warm_cpu_state
1700812474.233,2023-11-24 07:54:34.233,1,76.77,174276,1.4375000000029559,0,6.583870378966027,469942206,warm_cpu_state
1700812474.775,2023-11-24 07:54:34.775,1,67.09,174312,0.5625000000009095,0,6.613278496703841,471065536,warm_cpu_state
1700812475.319,2023-11-24 07:54:35.319,1,58.95,174348,0.5625000000009095,0,6.613278496703841,472082678,warm_cpu_state
1700812475.863,2023-11-24 07:54:35.863,1,88.76,174420,1.1875000000003268,0,6.612705452950244,473197785,warm_cpu_state
1700812476.406,2023-11-24 07:54:36.406,1,77.58,174456,1.1875000000003268,0,6.612705452950244,474271285,warm_cpu_state
1700812476.951,2023-11-24 07:54:36.951,1,64.44,174492,0.5000000000023874,0,6.610644933921349,475373601,warm_cpu_state
1700812477.503,2023-11-24 07:54:37.503,1,93.78,174528,0.5000000000023874,0,6.610644933921349,476538269,warm_cpu_state
1700812478.09,2023-11-24 07:54:38.090,1,76.25,174564,1.1874999999974847,0,6.6122299485589595,477603938,warm_cpu_state
1700812478.637,2023-11-24 07:54:38.637,1,71.2,174636,1.1874999999974847,0,6.6122299485589595,478711479,warm_cpu_state
1700812479.183,2023-11-24 07:54:39.183,1,61.76,174636,1.125000000001819,0,6.60092757495077,479837941,warm_cpu_state
1700812479.727,2023-11-24 07:54:39.727,1,68.02,174672,1.125000000001819,0,6.60092757495077,481017282,warm_cpu_state
1700812480.272,2023-11-24 07:54:40.272,1,80.05,174744,1.2337986041823115,0,6.609523231254732,482102108,warm_cpu_state
1700812480.817,2023-11-24 07:54:40.817,1,89.47,174780,0.6394182547677048,0,6.586747790154305,483222866,warm_cpu_state
1700812481.377,2023-11-24 07:54:41.377,1,57.72,174816,0.6394182547677048,0,6.586747790154305,484232005,warm_cpu_state
1700812481.925,2023-11-24 07:54:41.925,1,70.92,174852,0.8750000000020464,0,6.594514361878594,485342174,warm_cpu_state
1700812482.471,2023-11-24 07:54:42.471,1,87.96,174888,0.8750000000020464,0,6.594514361878594,486465976,warm_cpu_state
1700812483.015,2023-11-24 07:54:43.015,1,94.12,174924,0.874999999996362,0,6.585138390676115,487551706,warm_cpu_state
1700812483.558,2023-11-24 07:54:43.558,1,70.12,174960,0.874999999996362,0,6.585138390676115,488539277,warm_cpu_state
1700812484.102,2023-11-24 07:54:44.102,1,58.92,175032,0.8125000000006821,0,6.599074327066795,489689364,warm_cpu_state
1700812484.649,2023-11-24 07:54:44.649,1,84.75,175068,0.8125000000006821,0,6.599074327066795,490814052,warm_cpu_state
1700812485.205,2023-11-24 07:54:45.205,1,81.18,175104,1.0000000000047748,0,6.665132860194271,491964032,warm_cpu_state
1700812485.756,2023-11-24 07:54:45.756,1,64.65,175140,1.0000000000047748,0,6.592575767052593,493090028,warm_cpu_state
1700812486.299,2023-11-24 07:54:46.299,1,54.21,175176,0.437499999998181,0,6.592575767052593,494161050,warm_cpu_state
1700812486.85,2023-11-24 07:54:46.850,1,86.26,175212,0.874999999996362,0,6.594380245255412,495317621,warm_cpu_state
1700812487.392,2023-11-24 07:54:47.392,1,57.77,175248,0.874999999996362,0,6.594380245255412,496395524,warm_cpu_state
1700812487.938,2023-11-24 07:54:47.938,1,61.23,175284,1.3750000000015916,0,6.592173417183046,497590423,warm_cpu_state
1700812488.481,2023-11-24 07:54:48.481,1,86.33,175320,1.3750000000015916,0,6.592173417183046,498664117,warm_cpu_state
1700812489.084,2023-11-24 07:54:49.084,1,88.54,175392,0.5000000000023874,0,6.580651580009649,499879588,warm_cpu_state
1700812489.639,2023-11-24 07:54:49.639,1,59.85,175428,0.5000000000023874,0,6.580651580009649,500937210,warm_cpu_state
1700812490.185,2023-11-24 07:54:50.185,1,65.14,175464,0.87499999999919,0,6.607548059167864,502040715,warm_cpu_state
1700812490.731,2023-11-24 07:54:50.731,1,86.05,175500,0.87499999999919,0,6.607548059167864,503182713,warm_cpu_state
1700812491.278,2023-11-24 07:54:51.278,1,81.65,175536,1.4999999999986358,0,6.589893434588944,504258980,warm_cpu_state
1700812491.824,2023-11-24 07:54:51.824,1,61.21,175572,0.437499999998181,0,6.551219077431257,505369513,warm_cpu_state
1700812492.383,2023-11-24 07:54:52.383,1,63.22,175608,0.437499999998181,0,6.551219077431257,506414084,warm_cpu_state
1700812492.937,2023-11-24 07:54:52.937,1,85.13,175680,0.8750000000020464,0,6.563265188677095,507530754,warm_cpu_state
1700812493.481,2023-11-24 07:54:53.481,1,85.88,175716,0.8750000000020464,0,6.563265188677095,508613059,warm_cpu_state
1700812494.024,2023-11-24 07:54:54.024,1,56.24,175752,0.9374999999977263,0,6.566057252923346,509706768,warm_cpu_state
1700812494.566,2023-11-24 07:54:54.566,1,65.82,175788,0.9374999999977263,0,6.566057252923346,510831735,warm_cpu_state
1700812495.115,2023-11-24 07:54:55.115,1,81.19,175824,1.4375000000057696,0,6.5760794224011585,511957843,warm_cpu_state
1700812495.663,2023-11-24 07:54:55.663,1,93.1,175860,1.4375000000057696,0,6.5760794224011585,513000276,warm_cpu_state
1700812496.245,2023-11-24 07:54:56.245,1,102.32,175932,0.12499999999420197,0,6.597489312429185,514094727,warm_cpu_state
1700812496.79,2023-11-24 07:54:56.790,1,95.42,175968,1.0000000000019327,0,6.602329703284041,514901764,warm_cpu_state
1700812497.381,2023-11-24 07:54:57.381,1,88.26,176040,1.0000000000019327,0,6.602329703284041,515967172,warm_cpu_state
1700812497.926,2023-11-24 07:54:57.926,1,81.02,176076,0.87499999999919,0,6.611010706530028,516769007,warm_cpu_state
1700812498.547,2023-11-24 07:54:58.547,1,74.3,176112,0.87499999999919,0,6.611010706530028,517830359,warm_cpu_state
1700812499.101,2023-11-24 07:54:59.101,1,56.46,176148,0.8124999999949836,0,6.5835533760385045,518944186,warm_cpu_state
1700812499.644,2023-11-24 07:54:59.644,1,85.44,176220,0.8124999999949836,0,6.5835533760385045,520027948,warm_cpu_state
1700812500.195,2023-11-24 07:55:00.195,1,77.79,176256,1.1250000000046612,0,6.58928381357448,521155425,warm_cpu_state
1700812500.742,2023-11-24 07:55:00.742,1,63.8,176292,1.1250000000046612,0,6.58928381357448,522289478,warm_cpu_state
1700812501.302,2023-11-24 07:55:01.302,1,52.22,176328,1.187500000000341,0,6.545683718619911,523311327,warm_cpu_state
1700812501.849,2023-11-24 07:55:01.849,1,84.41,176364,0.6250000000022737,0,6.552243240735558,524463456,warm_cpu_state
1700812502.391,2023-11-24 07:55:02.391,1,74.91,176400,0.6250000000022737,0,6.552243240735558,525543861,warm_cpu_state
1700812502.939,2023-11-24 07:55:02.939,1,63.75,176436,1.6874999999942162,0,6.58098077535746,526639079,warm_cpu_state
1700812503.484,2023-11-24 07:55:03.484,1,85.03,176472,1.6874999999942162,0,6.58098077535746,527722463,warm_cpu_state
1700812504.03,2023-11-24 07:55:04.030,1,79.68,176544,0.43750000000386535,0,6.557754214706327,528850964,warm_cpu_state
1700812504.577,2023-11-24 07:55:04.577,1,82.91,176580,0.43750000000386535,0,6.557754214706327,529912899,warm_cpu_state
1700812505.125,2023-11-24 07:55:05.125,1,57.47,176616,1.062500000003297,0,6.587198909705008,531013283,warm_cpu_state
1700812505.674,2023-11-24 07:55:05.674,1,68.22,176652,1.062500000003297,0,6.587198909705008,532108878,warm_cpu_state
1700812506.247,2023-11-24 07:55:06.247,1,91.18,176688,1.3124999999917009,0,6.552243240735558,533196271,warm_cpu_state
1700812506.807,2023-11-24 07:55:06.807,1,103.9,176724,0.3124999999982947,0,6.559778156474352,534217734,warm_cpu_state
1700812507.355,2023-11-24 07:55:07.355,1,95.39,176796,0.3124999999982947,0,6.559778156474352,535299215,warm_cpu_state
1700812507.899,2023-11-24 07:55:07.899,1,102.95,176868,0.5000000000023874,0,6.559436768706252,536592645,warm_cpu_state
1700812508.445,2023-11-24 07:55:08.445,1,88.73,176904,0.5000000000023874,0,6.559436768706252,538322053,warm_cpu_state
1700812508.989,2023-11-24 07:55:08.989,1,90.16,176940,0.8125000000006821,0,6.562655567662628,539361085,warm_cpu_state
1700812509.532,2023-11-24 07:55:09.532,1,66.41,176976,0.8125000000006821,0,6.562655567662628,540406573,warm_cpu_state
1700812510.104,2023-11-24 07:55:10.104,1,56.31,177012,1.1875000000031832,0,6.585296892139876,541656343,warm_cpu_state
1700812510.652,2023-11-24 07:55:10.652,1,85.88,177084,1.1875000000031832,0,6.585296892139876,542783149,warm_cpu_state
1700812511.241,2023-11-24 07:55:11.241,1,81.67,177120,1.4374999999972857,0,6.5764208101692585,543892403,warm_cpu_state
1700812511.786,2023-11-24 07:55:11.786,1,64.82,177156,1.562500000005656,0,6.579895649951712,545013426,warm_cpu_state
1700812512.333,2023-11-24 07:55:12.333,1,53.88,177192,1.562500000005656,0,6.579895649951712,546120999,warm_cpu_state
1700812512.885,2023-11-24 07:55:12.885,1,80.43,177228,2.4375000000020464,0,6.570653795372415,547263941,warm_cpu_state
1700812513.443,2023-11-24 07:55:13.443,1,68.78,177264,2.4375000000020464,0,6.570653795372415,548293376,warm_cpu_state
1700812513.993,2023-11-24 07:55:13.993,1,63.31,177300,0.6249999999965752,0,6.571202454285434,549434267,warm_cpu_state
1700812514.536,2023-11-24 07:55:14.536,1,102.93,177372,0.6249999999965752,0,6.571202454285434,550585958,warm_cpu_state
1700812515.081,2023-11-24 07:55:15.081,1,105.21,177408,1.2499999999960352,0,6.584540962081939,551602228,warm_cpu_state
1700812515.626,2023-11-24 07:55:15.626,1,92.0,177480,1.2499999999960352,0,6.584540962081939,552687591,warm_cpu_state
1700812516.17,2023-11-24 07:55:16.170,1,101.87,177516,1.1250000000018332,0,6.593051271443877,553791383,warm_cpu_state
1700812516.713,2023-11-24 07:55:16.713,1,86.12,177552,1.1250000000018332,0,6.593051271443877,554898423,warm_cpu_state
1700812517.255,2023-11-24 07:55:17.255,1,73.4,177624,0.18750000000125056,0,6.617241033297866,555960547,warm_cpu_state
1700812517.799,2023-11-24 07:55:17.799,1,65.15,177660,1.187499999997513,0,6.59898898012477,557003796,warm_cpu_state
1700812518.348,2023-11-24 07:55:18.348,1,59.82,177696,1.187499999997513,0,6.59898898012477,557989549,warm_cpu_state
1700812518.899,2023-11-24 07:55:18.899,1,86.13,177732,0.7499999999993037,0,6.564362506503133,559165207,warm_cpu_state
1700812519.447,2023-11-24 07:55:19.447,1,83.63,177768,0.7499999999993037,0,6.564362506503133,560254895,warm_cpu_state
1700812519.99,2023-11-24 07:55:19.990,1,62.04,177804,1.6250000000042064,0,6.552804092068867,561336961,warm_cpu_state
1700812520.536,2023-11-24 07:55:20.536,1,68.7,177840,1.6250000000042064,0,6.552804092068867,562411200,warm_cpu_state
1700812521.081,2023-11-24 07:55:21.081,1,61.28,177876,1.0000000000019185,0,6.555303538228176,563501862,warm_cpu_state
1700812521.624,2023-11-24 07:55:21.624,1,91.63,177948,1.0000000000019185,0,6.555303538228176,564582122,warm_cpu_state
1700812522.174,2023-11-24 07:55:22.174,1,93.21,177984,0.24999999999694467,0,6.542501496924401,565670384,warm_cpu_state
1700812522.72,2023-11-24 07:55:22.720,1,94.08,178056,0.24999999999694467,0,6.542501496924401,566784952,warm_cpu_state
1700812523.266,2023-11-24 07:55:23.266,1,91.78,178092,0.7500000000050022,0,6.544159666083747,567854163,warm_cpu_state
1700812523.81,2023-11-24 07:55:23.810,1,80.02,178128,0.7499999999908056,0,6.560022004880138,568842254,warm_cpu_state
1700812524.357,2023-11-24 07:55:24.357,1,64.22,178164,0.7499999999908056,0,6.560022004880138,569955958,warm_cpu_state
1700812524.903,2023-11-24 07:55:24.903,1,57.53,178200,1.0000000000019327,0,6.542416149982376,571099357,warm_cpu_state
1700812525.451,2023-11-24 07:55:25.451,1,109.28,178272,1.0000000000019327,0,6.542416149982376,572180036,warm_cpu_state
1700812525.998,2023-11-24 07:55:25.998,1,99.45,178308,0.7499999999993179,0,6.577127970546039,573275661,warm_cpu_state
1700812526.552,2023-11-24 07:55:26.552,1,108.42,178380,0.7499999999993179,0,6.577127970546039,574314759,warm_cpu_state
1700812527.095,2023-11-24 07:55:27.095,1,95.3,178416,1.125000000001819,0,6.564642932169787,575393798,warm_cpu_state
1700812527.639,2023-11-24 07:55:27.639,1,87.76,178488,1.125000000001819,0,6.564642932169787,576543776,warm_cpu_state
1700812528.186,2023-11-24 07:55:28.186,1,79.87,178524,1.1250000000046612,0,6.5445254386924265,577673075,warm_cpu_state
1700812528.738,2023-11-24 07:55:28.738,1,66.17,178560,1.1250000000046612,0,6.5445254386924265,578783888,warm_cpu_state
1700812529.288,2023-11-24 07:55:29.288,1,57.3,178596,0.8750000000048743,0,6.556059468286113,579935802,warm_cpu_state
1700812529.834,2023-11-24 07:55:29.834,1,98.88,178632,0.7499999999936335,0,6.574274944198341,581087132,warm_cpu_state
1700812530.379,2023-11-24 07:55:30.379,1,92.42,178668,0.7499999999936335,0,6.574274944198341,582166399,warm_cpu_state
1700812530.924,2023-11-24 07:55:30.924,1,100.73,178740,1.6874999999998863,0,6.5970625777190595,583221569,warm_cpu_state
1700812531.481,2023-11-24 07:55:31.481,1,100.77,178812,1.6874999999998863,0,6.5970625777190595,584367428,warm_cpu_state
1700812532.026,2023-11-24 07:55:32.026,1,85.85,178848,-0.12500000000555644,0,6.610242584051802,585348647,warm_cpu_state
1700812532.581,2023-11-24 07:55:32.581,1,84.49,178884,-0.12500000000555644,0,6.610242584051802,586334174,warm_cpu_state
1700812533.125,2023-11-24 07:55:33.125,1,59.13,178920,0.9375000000090807,0,6.595184944994506,587400141,warm_cpu_state
1700812533.681,2023-11-24 07:55:33.681,1,70.44,178956,0.9375000000090807,0,6.595184944994506,588537651,warm_cpu_state
1700812534.236,2023-11-24 07:55:34.236,1,91.25,179028,0.9374999999920419,0,6.61205925467491,589622695,warm_cpu_state
1700812534.781,2023-11-24 07:55:34.781,1,102.69,179064,0.8750000000048885,0,6.582724291458832,590688810,warm_cpu_state
1700812535.329,2023-11-24 07:55:35.329,1,91.19,179100,0.8750000000048885,0,6.582724291458832,591822987,warm_cpu_state
1700812535.873,2023-11-24 07:55:35.873,1,107.6,179172,0.8749999999992042,0,6.598196472805965,592964493,warm_cpu_state
1700812536.416,2023-11-24 07:55:36.416,1,93.89,179208,0.8749999999992042,0,6.598196472805965,594025463,warm_cpu_state
1700812536.959,2023-11-24 07:55:36.959,1,95.67,179280,1.0624999999947562,0,6.592770845777222,595157957,warm_cpu_state
1700812537.507,2023-11-24 07:55:37.507,1,83.53,179316,1.0624999999947562,0,6.592770845777222,596286603,warm_cpu_state
1700812574.543,2023-11-24 07:56:14.543,1,136.11,184248,9.187500000001606,0,9.554078078064897,654038508,active_state
1700812575.095,2023-11-24 07:56:15.095,1,130.84,184320,7.874999999995694,0,9.544567990239235,655191346,active_state
1700812575.645,2023-11-24 07:56:15.645,1,129.83,184428,7.874999999995694,0,9.544567990239235,656186375,active_state
1700812576.196,2023-11-24 07:56:16.196,1,135.95,184464,8.624999999997854,0,9.551603016746167,657341901,active_state
1700812576.74,2023-11-24 07:56:16.740,1,132.77,184536,8.624999999997854,0,9.551603016746167,658436637,active_state
1700812577.283,2023-11-24 07:56:17.283,1,129.12,184608,9.187500000007276,0,9.566672848223753,659490673,active_state
1700812577.831,2023-11-24 07:56:17.831,1,129.65,184716,8.75000000000341,0,9.54238554700745,660466140,active_state
1700812578.378,2023-11-24 07:56:18.378,1,136.22,184752,8.75000000000341,0,9.54238554700745,661552577,active_state
1700812578.923,2023-11-24 07:56:18.923,1,134.03,184824,8.624999999994998,0,9.528473995457349,662722427,active_state
1700812579.487,2023-11-24 07:56:19.487,1,133.51,184932,8.624999999994998,0,9.528473995457349,663839929,active_state
1700812580.042,2023-11-24 07:56:20.042,1,125.34,185004,8.812500000001933,0,9.554858392963412,664956517,active_state
1700812580.584,2023-11-24 07:56:20.584,1,142.39,185040,8.812500000001933,0,9.554858392963412,666114131,active_state
1700812581.129,2023-11-24 07:56:21.129,1,132.37,185148,8.124999999998295,0,9.55226140744179,667116694,active_state
1700812581.677,2023-11-24 07:56:21.677,1,131.18,185220,8.124999999998295,0,9.55226140744179,668199931,active_state
1700812582.221,2023-11-24 07:56:22.221,1,124.52,185256,8.62499999999784,0,9.553383110108408,669288091,active_state
1700812582.767,2023-11-24 07:56:22.767,1,137.32,185364,8.812499999999105,0,9.523926222689436,670412487,active_state
1700812583.312,2023-11-24 07:56:23.312,1,134.55,185436,8.812499999999105,0,9.523926222689436,671509758,active_state
1700812583.858,2023-11-24 07:56:23.858,1,134.68,185508,8.874999999997598,0,9.533009575804972,672518769,active_state
1700812584.404,2023-11-24 07:56:24.404,1,135.35,185580,8.874999999997598,0,9.533009575804972,673595295,active_state
1700812584.953,2023-11-24 07:56:24.953,1,128.02,185652,9.437500000001378,0,9.530949056776079,674765541,active_state
1700812585.509,2023-11-24 07:56:25.509,1,138.01,185724,9.437500000001378,0,9.530949056776079,675884232,active_state
1700812586.056,2023-11-24 07:56:26.056,1,135.08,185796,8.062499999999773,0,9.559393973311035,676981766,active_state
1700812586.601,2023-11-24 07:56:26.601,1,125.86,185868,8.062499999999773,0,9.559393973311035,678120939,active_state
1700812587.144,2023-11-24 07:56:27.144,1,128.23,185940,8.81249999999909,0,9.571110889209061,679230630,active_state
1700812587.689,2023-11-24 07:56:27.689,1,139.68,186012,8.81249999999909,0,9.571110889209061,680359404,active_state
1700812588.232,2023-11-24 07:56:28.232,1,131.43,186084,8.437500000007958,0,9.570257419788812,681485912,active_state
1700812588.776,2023-11-24 07:56:28.776,1,137.93,186156,8.374999999995225,0,9.575585507455237,682615206,active_state
1700812589.32,2023-11-24 07:56:29.320,1,131.95,186228,8.374999999995225,0,9.575585507455237,683622820,active_state
1700812589.872,2023-11-24 07:56:29.872,1,127.05,186300,8.75000000000341,0,9.56074733196315,684794072,active_state
1700812590.423,2023-11-24 07:56:30.423,1,136.42,186372,8.75000000000341,0,9.56074733196315,685913839,active_state
1700812590.967,2023-11-24 07:56:30.967,1,134.99,186444,8.749999999994898,0,9.574207763962546,687021036,active_state
1700812591.515,2023-11-24 07:56:31.515,1,131.06,186516,8.749999999994898,0,9.574207763962546,688161983,active_state
1700812592.06,2023-11-24 07:56:32.060,1,134.15,186588,9.062500000004547,0,9.583571542744735,689195938,active_state
1700812592.602,2023-11-24 07:56:32.602,1,136.23,186660,9.062500000004547,0,9.583571542744735,690302681,active_state
1700812593.145,2023-11-24 07:56:33.145,1,136.78,186732,8.812499999999105,0,9.571720510223528,691407370,active_state
1700812593.691,2023-11-24 07:56:33.691,1,134.47,186840,8.812499999999105,0,9.571720510223528,692388851,active_state
1700812594.249,2023-11-24 07:56:34.249,1,132.95,186912,8.875000000003283,0,9.574171186701678,693462916,active_state
1700812594.795,2023-11-24 07:56:34.795,1,131.2,186948,7.8124999999914735,0,9.570318381890257,694586974,active_state
1700812595.342,2023-11-24 07:56:35.342,1,128.17,187020,7.8124999999914735,0,9.570318381890257,695621456,active_state
1700812595.886,2023-11-24 07:56:35.886,1,136.36,187128,8.812500000001933,0,9.553346532847538,696752363,active_state
1700812596.434,2023-11-24 07:56:36.434,1,129.11,187200,8.812500000001933,0,9.553346532847538,697887886,active_state
1700812596.977,2023-11-24 07:56:36.977,1,132.5,187236,8.687500000004889,0,9.557077413456067,698982658,active_state
1700812597.52,2023-11-24 07:56:37.520,1,129.13,187344,8.687500000004889,0,9.557077413456067,699975243,active_state
1700812598.063,2023-11-24 07:56:38.063,1,137.28,187416,8.562499999999318,0,9.513855283530466,701010855,active_state
1700812598.607,2023-11-24 07:56:38.607,1,136.7,187452,8.562499999999318,0,9.513855283530466,702097043,active_state
1700812599.149,2023-11-24 07:56:39.149,1,130.93,187560,8.812499999999076,0,9.51891513795053,703218360,active_state
1700812599.694,2023-11-24 07:56:39.694,1,132.89,187632,8.812499999999076,0,9.51891513795053,704308677,active_state
1700812600.236,2023-11-24 07:56:40.236,1,130.12,187704,9.062499999998863,0,9.542336777326293,705396252,active_state
1700812600.799,2023-11-24 07:56:40.799,1,131.52,187776,8.687500000004889,0,9.567233699557061,706485548,active_state
1700812601.344,2023-11-24 07:56:41.344,1,135.88,187848,8.687500000004889,0,9.567233699557061,707563939,active_state
1700812601.893,2023-11-24 07:56:41.893,1,138.28,187920,8.937499999993292,0,9.57431749574515,708755635,active_state
1700812602.436,2023-11-24 07:56:42.436,1,137.69,187992,8.937499999993292,0,9.57431749574515,709900484,active_state
1700812602.98,2023-11-24 07:56:42.980,1,136.46,188064,8.874999999997598,0,9.544385103934896,710995385,active_state
1700812603.528,2023-11-24 07:56:43.528,1,136.84,188136,8.874999999997598,0,9.544385103934896,712051780,active_state
1700812604.071,2023-11-24 07:56:44.071,1,136.48,188244,8.75000000000341,0,9.544104678268242,713092446,active_state
1700812604.615,2023-11-24 07:56:44.615,1,134.23,188280,8.75000000000341,0,9.544104678268242,714305161,active_state
1700812605.157,2023-11-24 07:56:45.157,1,136.2,188352,8.312499999996703,0,9.585436983049,715243301,active_state
1700812605.704,2023-11-24 07:56:45.704,1,138.87,188460,8.312499999996703,0,9.585436983049,716322072,active_state
1700812606.248,2023-11-24 07:56:46.248,1,145.39,188532,8.687499999996362,0,9.551846865151955,717353676,active_state
1700812606.791,2023-11-24 07:56:46.791,1,140.98,188604,9.00000000000604,0,9.564027093020973,718471783,active_state
1700812607.334,2023-11-24 07:56:47.334,1,149.06,188676,9.00000000000604,0,9.564027093020973,719551492,active_state
1700812607.88,2023-11-24 07:56:47.880,1,148.36,188784,8.56249999999362,0,9.556967681673463,720698640,active_state
1700812608.438,2023-11-24 07:56:48.438,1,152.84,188856,8.56249999999362,0,9.556967681673463,721783602,active_state
1700812608.988,2023-11-24 07:56:48.988,1,143.34,188928,9.437500000009905,0,9.569123524701904,722776796,active_state
1700812609.535,2023-11-24 07:56:49.535,1,141.72,189000,9.437500000009905,0,9.569123524701904,723876343,active_state
1700812610.079,2023-11-24 07:56:50.079,1,132.13,189072,8.12499999999828,0,9.564734253397752,724971852,active_state
1700812610.628,2023-11-24 07:56:50.628,1,135.69,189180,8.12499999999828,0,9.564734253397752,726157769,active_state
1700812611.181,2023-11-24 07:56:51.181,1,130.28,189216,8.874999999997613,0,9.571769279904686,727255704,active_state
1700812611.728,2023-11-24 07:56:51.728,1,135.09,189288,8.874999999997613,0,9.571769279904686,727734157,active_state
1700812612.559,2023-11-24 07:56:52.559,1,134.21,189396,8.687500000004903,0,9.5683310173831,727933801,active_state
1700812614.851,2023-11-24 07:56:54.851,1,134.33,189720,8.437499999996575,0,9.530814940152895,728233971,active_state
1700812616.066,2023-11-24 07:56:56.066,1,136.41,189900,8.437499999996575,0,9.530814940152895,728481172,active_state
1700812618.446,2023-11-24 07:56:58.446,1,132.18,190224,8.875000000008981,0,9.567063005673011,729434935,active_state
1700812618.992,2023-11-24 07:56:58.992,1,138.55,190260,8.937499999998991,0,9.576658440440697,730274010,active_state
1700812619.668,2023-11-24 07:56:59.668,1,132.72,190368,8.937499999998991,0,9.576658440440697,730842936,active_state
1700812620.495,2023-11-24 07:57:00.495,1,128.66,190476,8.125000000001137,0,9.546226159398582,731822662,active_state
1700812621.055,2023-11-24 07:57:01.055,1,133.68,190548,8.624999999997854,0,9.544238794891424,732987879,active_state
1700812621.601,2023-11-24 07:57:01.601,1,132.02,190620,8.624999999997854,0,9.544238794891424,734071305,active_state
1700812622.143,2023-11-24 07:57:02.143,1,127.08,190692,8.937499999996135,0,9.540507914282896,735157554,active_state
1700812622.687,2023-11-24 07:57:02.687,1,135.53,190764,8.937499999996135,0,9.540507914282896,736186897,active_state
1700812623.231,2023-11-24 07:57:03.231,1,133.07,190836,8.374999999998067,0,9.558516119050205,737209767,active_state
1700812623.777,2023-11-24 07:57:03.777,1,134.98,190908,8.562500000005002,0,9.583864160831679,738246595,active_state
1700812624.332,2023-11-24 07:57:04.332,1,131.7,190980,8.562500000005002,0,9.583864160831679,739324908,active_state
1700812624.878,2023-11-24 07:57:04.878,1,131.11,191052,8.562500000002174,0,9.563575973470268,740433556,active_state
1700812625.419,2023-11-24 07:57:05.419,1,132.69,191124,8.562500000002174,0,9.563575973470268,741438789,active_state
1700812625.962,2023-11-24 07:57:05.962,1,134.95,191196,8.437499999996575,0,9.547274707543462,742568071,active_state
1700812626.507,2023-11-24 07:57:06.507,1,138.34,191268,8.437499999996575,0,9.547274707543462,743636972,active_state
1700812627.051,2023-11-24 07:57:07.051,1,137.34,191376,9.187500000004434,0,9.548274486007186,744715868,active_state
1700812627.595,2023-11-24 07:57:07.595,1,139.4,191412,9.187500000004434,0,9.548274486007186,745862076,active_state
1700812628.141,2023-11-24 07:57:08.141,1,135.78,191484,8.812499999993406,0,9.531302636964467,747039676,active_state
1700812628.685,2023-11-24 07:57:08.685,1,127.89,191592,8.812499999993406,0,9.531302636964467,748181701,active_state
1700812629.233,2023-11-24 07:57:09.233,1,132.6,191664,8.937500000001819,0,9.508380886820566,749254494,active_state
1700812629.78,2023-11-24 07:57:09.780,1,131.33,191700,7.937500000005571,0,9.537008689659865,750439831,active_state
1700812630.323,2023-11-24 07:57:10.323,1,135.35,191808,7.937500000005571,0,9.537008689659865,751545356,active_state
1700812630.866,2023-11-24 07:57:10.866,1,135.69,191880,9.125000000000213,0,9.550176503572319,752671941,active_state
1700812631.409,2023-11-24 07:57:11.409,1,130.84,191916,9.125000000000213,0,9.550176503572319,753642264,active_state
1700812631.956,2023-11-24 07:57:11.956,1,134.11,192024,8.999999999988972,0,9.5622835769196,754751534,active_state
1700812632.502,2023-11-24 07:57:12.502,1,133.68,192096,8.999999999988972,0,9.5622835769196,755909959,active_state
1700812633.046,2023-11-24 07:57:13.046,1,134.6,192168,10.187500000012037,0,9.583437426121554,757049675,active_state
1700812633.592,2023-11-24 07:57:13.592,1,139.63,192240,10.187500000012037,0,9.583437426121554,758081946,active_state
1700812634.142,2023-11-24 07:57:14.142,1,132.55,192312,8.749999999992042,0,9.568404171904834,759146072,active_state
1700812634.684,2023-11-24 07:57:14.684,1,135.52,192384,8.749999999992042,0,9.568404171904834,760170015,active_state
1700812635.232,2023-11-24 07:57:15.232,1,133.22,192456,9.062500000004547,0,9.535557791645436,761136177,active_state
1700812635.837,2023-11-24 07:57:15.837,1,133.84,192564,8.687499999999218,0,9.550895856369387,762341559,active_state
1700812636.381,2023-11-24 07:57:16.381,1,135.26,192600,8.687499999999218,0,9.550895856369387,763323294,active_state
1700812636.93,2023-11-24 07:57:16.930,1,131.26,192672,8.249999999995339,0,9.538447395254003,764468067,active_state
1700812637.483,2023-11-24 07:57:17.483,1,129.84,192780,8.249999999995339,0,9.538447395254003,765596175,active_state
1700812638.045,2023-11-24 07:57:18.045,1,136.96,192852,9.31250000000432,0,9.520756193414215,766762872,active_state
1700812638.588,2023-11-24 07:57:18.588,1,136.83,192888,9.31250000000432,0,9.520756193414215,767830442,active_state
1700812639.133,2023-11-24 07:57:19.133,1,134.76,192996,8.437499999999446,0,9.517086274907133,768981361,active_state
1700812639.679,2023-11-24 07:57:19.679,1,133.5,193068,8.437499999999446,0,9.517086274907133,769978546,active_state
1700812640.224,2023-11-24 07:57:20.224,1,134.74,193140,8.562499999993634,0,9.545445844500067,771090620,active_state
1700812640.771,2023-11-24 07:57:20.771,1,143.18,193212,9.124999999997385,0,9.564807407919488,772281619,active_state
1700812641.328,2023-11-24 07:57:21.328,1,138.48,193284,9.124999999997385,0,9.564807407919488,773415514,active_state
1700812641.871,2023-11-24 07:57:21.871,1,139.34,193356,8.81250000001046,0,9.507368915936553,774477167,active_state
1700812642.418,2023-11-24 07:57:22.418,1,134.92,193428,8.81250000001046,0,9.507368915936553,775515210,active_state
1700812642.963,2023-11-24 07:57:22.963,1,136.49,193500,9.250000000005784,0,9.531192905181864,776618781,active_state
1700812643.512,2023-11-24 07:57:23.512,1,137.37,193572,9.250000000005784,0,9.531192905181864,777752285,active_state
1700812644.059,2023-11-24 07:57:24.059,1,131.35,193680,8.312499999993847,0,9.535960141514984,778803031,active_state
1700812644.602,2023-11-24 07:57:24.602,1,133.1,193716,8.312499999993847,0,9.535960141514984,779887714,active_state
1700812947.839,2023-11-24 08:02:27.839,1,90.3,224028,0.8274824473410121,0,9.440676376954034,1383159709,warm_cpu_to_warm_disk_process
1700812948.121,2023-11-24 08:02:28.121,1,67.43,224064,0.8274824473410121,0,9.440676376954034,1383479519,warm_cpu_to_warm_disk_process
1700812948.407,2023-11-24 08:02:28.407,1,65.02,224064,0.8274824473410121,0,9.440676376954034,1383922042,warm_cpu_to_warm_disk_process
1700812948.684,2023-11-24 08:02:28.684,1,60.54,224100,0.8274824473410121,0,9.440676376954034,1384233793,warm_cpu_to_warm_disk_process
1700812948.97,2023-11-24 08:02:28.970,1,71.99,224100,1.6874999999970157,0,9.42945935028787,1384495547,warm_cpu_to_warm_disk_process
1700812949.252,2023-11-24 08:02:29.252,1,68.51,224136,1.6874999999970157,0,9.42945935028787,1384733541,warm_cpu_to_warm_disk_process
1700812949.539,2023-11-24 08:02:29.539,1,71.03,224136,1.6874999999970157,0,9.42945935028787,1385081730,warm_cpu_to_warm_disk_process
1700812949.812,2023-11-24 08:02:29.812,1,74.77,224172,1.500000000004306,0,5.200311101796102,1385292659,warm_cpu_to_warm_disk_process
1700812950.087,2023-11-24 08:02:30.087,1,58.77,224172,1.500000000004306,0,5.200311101796102,1385432185,warm_cpu_to_warm_disk_process
1700812950.364,2023-11-24 08:02:30.364,1,61.14,224208,1.500000000004306,0,5.200311101796102,1385564278,warm_cpu_to_warm_disk_process
1700812950.639,2023-11-24 08:02:30.639,1,65.89,224208,1.500000000004306,0,5.200311101796102,1385811932,warm_cpu_to_warm_disk_process
1700812950.919,2023-11-24 08:02:30.919,1,81.85,224244,0.43750000000386535,0,5.192568914912391,1386006241,warm_cpu_to_warm_disk_process
1700812951.195,2023-11-24 08:02:31.195,1,79.2,224244,0.43750000000386535,0,5.192568914912391,1386142185,warm_cpu_to_warm_disk_process
1700812954.359,2023-11-24 08:02:34.359,1,72.25,224496,0.31250000000113687,0,5.1824248212316855,1386619940,warm_cpu_to_warm_disk_process
1700812957.377,2023-11-24 08:02:37.377,1,72.77,224712,1.562499999997172,0,5.2308043449396635,1387146552,warm_cpu_to_warm_disk_process
1700812957.712,2023-11-24 08:02:37.712,1,62.26,224748,1.562499999997172,0,5.2308043449396635,1387371255,warm_cpu_to_warm_disk_process
1700812957.99,2023-11-24 08:02:37.990,1,65.6,224748,0.2500000000026148,0,5.245642520431753,1387507966,warm_cpu_to_warm_disk_process
1700812958.359,2023-11-24 08:02:38.359,1,82.77,224784,0.2500000000026148,0,5.245642520431753,1387661563,warm_cpu_to_warm_disk_process
1700812958.634,2023-11-24 08:02:38.634,1,79.06,224784,0.2500000000026148,0,5.245642520431753,1387957764,warm_cpu_to_warm_disk_process
1700812958.946,2023-11-24 08:02:38.946,1,67.48,224820,0.7500000000021743,0,5.260639197387603,1388132589,warm_cpu_to_warm_disk_process
1700812959.22,2023-11-24 08:02:39.220,1,66.11,224820,0.7500000000021743,0,5.260639197387603,1388255054,warm_cpu_to_warm_disk_process
1700812959.517,2023-11-24 08:02:39.517,1,65.83,224856,0.7500000000021743,0,5.260639197387603,1388478724,warm_cpu_to_warm_disk_process
1700812959.822,2023-11-24 08:02:39.822,1,69.76,224856,0.6874999999951115,0,5.229938683099123,1388756748,warm_cpu_to_warm_disk_process
1700812960.156,2023-11-24 08:02:40.156,1,88.04,224892,0.6874999999951115,0,5.229938683099123,1388922468,warm_cpu_to_warm_disk_process
1700812960.431,2023-11-24 08:02:40.431,1,80.65,224928,0.6874999999951115,0,5.229938683099123,1389070661,warm_cpu_to_warm_disk_process
1700812960.752,2023-11-24 08:02:40.752,1,75.38,224964,0.6874999999951115,0,5.244069698214432,1389216720,warm_cpu_to_warm_disk_process
1700812961.034,2023-11-24 08:02:41.034,1,67.85,224964,0.7500000000021743,0,5.244069698214432,1389487398,warm_cpu_to_warm_disk_process
1700812961.313,2023-11-24 08:02:41.313,1,59.11,225000,0.7500000000021743,0,5.244069698214432,1389603631,warm_cpu_to_warm_disk_process
1700812961.591,2023-11-24 08:02:41.591,1,67.45,225000,0.7500000000021743,0,5.244069698214432,1389766235,warm_cpu_to_warm_disk_process
1700812962.025,2023-11-24 08:02:42.025,1,89.61,225036,1.0624999999976126,0,5.243521039301413,1389940117,warm_cpu_to_warm_disk_process
1700812962.3,2023-11-24 08:02:42.300,1,79.93,225072,1.0624999999976126,0,5.243521039301413,1390218645,warm_cpu_to_warm_disk_process
1700812962.613,2023-11-24 08:02:42.613,1,89.56,225108,1.0624999999976126,0,5.243521039301413,1390403175,warm_cpu_to_warm_disk_process
1700812962.889,2023-11-24 08:02:42.889,1,76.63,225108,0.31250000000112266,0,5.217100064534481,1390545125,warm_cpu_to_warm_disk_process
1700812963.172,2023-11-24 08:02:43.172,1,64.6,225144,0.31250000000112266,0,5.217100064534481,1390735980,warm_cpu_to_warm_disk_process
1700812963.447,2023-11-24 08:02:43.447,1,60.55,225144,0.31250000000112266,0,5.217100064534481,1391035443,warm_cpu_to_warm_disk_process
1700812963.764,2023-11-24 08:02:43.764,1,60.02,225180,0.6250000000022595,0,5.221855108447311,1391188922,warm_cpu_to_warm_disk_process
1700812964.042,2023-11-24 08:02:44.042,1,64.04,225180,0.6250000000022595,0,5.221855108447311,1391365089,warm_cpu_to_warm_disk_process
1700812964.317,2023-11-24 08:02:44.317,1,70.16,225216,0.6250000000022595,0,5.221855108447311,1391584694,warm_cpu_to_warm_disk_process
1700812964.594,2023-11-24 08:02:44.594,1,101.76,225252,0.6250000000022595,0,5.221855108447311,1391795399,warm_cpu_to_warm_disk_process
1700812964.876,2023-11-24 08:02:44.876,1,92.1,225288,1.187500000003169,0,5.207468052505926,1391997275,warm_cpu_to_warm_disk_process
1700812965.166,2023-11-24 08:02:45.166,1,89.54,225288,1.187500000003169,0,5.207468052505926,1392166953,warm_cpu_to_warm_disk_process
1700812965.457,2023-11-24 08:02:45.457,1,88.78,225324,1.187500000003169,0,5.207468052505926,1392470901,warm_cpu_to_warm_disk_process
1700812965.736,2023-11-24 08:02:45.736,1,81.37,225324,1.187500000003169,0,5.207468052505926,1392656529,warm_cpu_to_warm_disk_process
1700812966.012,2023-11-24 08:02:46.012,1,78.78,225360,0.2499999999941025,0,5.232486898939589,1392802469,warm_cpu_to_warm_disk_process
1700812966.289,2023-11-24 08:02:46.289,1,60.07,225396,0.2499999999941025,0,5.232486898939589,1392930452,warm_cpu_to_warm_disk_process
1700812966.564,2023-11-24 08:02:46.564,1,66.46,225396,0.2499999999941025,0,5.232486898939589,1393183285,warm_cpu_to_warm_disk_process
1700812966.838,2023-11-24 08:02:46.838,1,62.81,225396,0.8125000000006821,0,5.200262332114945,1393386558,warm_cpu_to_warm_disk_process
1700812967.113,2023-11-24 08:02:47.113,1,71.51,225432,0.8125000000006821,0,5.200262332114945,1393520877,warm_cpu_to_warm_disk_process
1700812967.389,2023-11-24 08:02:47.389,1,76.01,225432,0.8125000000006821,0,5.200262332114945,1393641394,warm_cpu_to_warm_disk_process
1700812967.68,2023-11-24 08:02:47.680,1,58.77,225468,0.8125000000006821,0,5.200262332114945,1393996212,warm_cpu_to_warm_disk_process
1700812967.956,2023-11-24 08:02:47.956,1,63.66,225504,0.7500000000021743,0,5.243935581591249,1394168134,warm_cpu_to_warm_disk_process
1700812968.242,2023-11-24 08:02:48.242,1,62.0,225504,0.7500000000021743,0,5.243935581591249,1394300373,warm_cpu_to_warm_disk_process
1700812968.525,2023-11-24 08:02:48.525,1,64.7,225540,0.7500000000021743,0,5.243935581591249,1394467118,warm_cpu_to_warm_disk_process
1700812968.796,2023-11-24 08:02:48.796,1,67.1,225540,1.125000000001819,0,5.231962624867148,1394766865,warm_cpu_to_warm_disk_process
1700812969.071,2023-11-24 08:02:49.071,1,85.27,225576,1.125000000001819,0,5.231962624867148,1394908997,warm_cpu_to_warm_disk_process
1700812969.348,2023-11-24 08:02:49.348,1,77.37,225576,1.125000000001819,0,5.231962624867148,1395035068,warm_cpu_to_warm_disk_process
1700812969.626,2023-11-24 08:02:49.626,1,68.02,225612,1.125000000001819,0,5.231962624867148,1395244867,warm_cpu_to_warm_disk_process
1700812969.897,2023-11-24 08:02:49.897,1,61.43,225612,0.18749999999270983,0,5.2327429397656635,1395555568,warm_cpu_to_warm_disk_process
1700812970.179,2023-11-24 08:02:50.179,1,68.46,225648,0.18749999999270983,0,5.2327429397656635,1395700226,warm_cpu_to_warm_disk_process
1700812970.456,2023-11-24 08:02:50.456,1,80.22,225648,0.18749999999270983,0,5.2327429397656635,1396145777,warm_cpu_to_warm_disk_process
1700812970.732,2023-11-24 08:02:50.732,1,59.47,225684,0.18749999999270983,0,5.2327429397656635,1396299397,warm_cpu_to_warm_disk_process
1700812971.006,2023-11-24 08:02:51.006,1,66.57,225684,1.125000000001819,0,5.230718997997639,1396590316,warm_cpu_to_warm_disk_process
1700812971.28,2023-11-24 08:02:51.280,1,65.18,225720,1.125000000001819,0,5.230718997997639,1396705926,warm_cpu_to_warm_disk_process
1700812971.553,2023-11-24 08:02:51.553,1,67.78,225720,1.125000000001819,0,5.230718997997639,1396867971,warm_cpu_to_warm_disk_process
1700812971.828,2023-11-24 08:02:51.828,1,64.92,225756,0.6250000000022595,0,5.228597516867299,1397010008,warm_cpu_to_warm_disk_process
1700812972.104,2023-11-24 08:02:52.104,1,85.67,225792,0.6250000000022595,0,5.228597516867299,1397308345,warm_cpu_to_warm_disk_process
1700812972.376,2023-11-24 08:02:52.376,1,86.64,225792,0.6250000000022595,0,5.228597516867299,1397446712,warm_cpu_to_warm_disk_process
1700812972.649,2023-11-24 08:02:52.649,1,83.53,225828,0.6250000000022595,0,5.228597516867299,1397625513,warm_cpu_to_warm_disk_process
1700812972.923,2023-11-24 08:02:52.923,1,63.12,225828,0.7500000000021743,0,5.229780181635362,1397769274,warm_cpu_to_warm_disk_process
1700812973.193,2023-11-24 08:02:53.193,1,58.24,225864,0.7500000000021743,0,5.229780181635362,1398047622,warm_cpu_to_warm_disk_process
1700812973.468,2023-11-24 08:02:53.468,1,66.41,225864,0.7500000000021743,0,5.229780181635362,1398186933,warm_cpu_to_warm_disk_process
1700812973.747,2023-11-24 08:02:53.747,1,64.89,225900,0.7500000000021743,0,5.229780181635362,1398322113,warm_cpu_to_warm_disk_process
1700812974.022,2023-11-24 08:02:54.022,1,92.58,225900,0.8749999999935199,0,5.234791266374268,1398471854,warm_cpu_to_warm_disk_process
1700812974.298,2023-11-24 08:02:54.298,1,88.78,225936,0.8749999999935199,0,5.234791266374268,1398776325,warm_cpu_to_warm_disk_process
1700812974.573,2023-11-24 08:02:54.573,1,87.87,225972,0.8749999999935199,0,5.234791266374268,1398924386,warm_cpu_to_warm_disk_process
1700812974.848,2023-11-24 08:02:54.848,1,79.79,225972,0.43750000000387956,0,5.252555622735791,1399077524,warm_cpu_to_warm_disk_process
1700812975.123,2023-11-24 08:02:55.123,1,60.35,226008,0.43750000000387956,0,5.252555622735791,1399193714,warm_cpu_to_warm_disk_process
1700812975.396,2023-11-24 08:02:55.396,1,66.34,226008,0.43750000000387956,0,5.252555622735791,1399480912,warm_cpu_to_warm_disk_process
1700812975.675,2023-11-24 08:02:55.675,1,60.29,226044,0.43750000000387956,0,5.252555622735791,1399685419,warm_cpu_to_warm_disk_process
1700812975.947,2023-11-24 08:02:55.947,1,61.11,226044,0.6874999999979536,0,5.23580323725828,1399820711,warm_cpu_to_warm_disk_process
1700812976.224,2023-11-24 08:02:56.224,1,59.51,226080,0.6874999999979536,0,5.23580323725828,1399966696,warm_cpu_to_warm_disk_process
1700812976.499,2023-11-24 08:02:56.499,1,99.44,226116,0.6874999999979536,0,5.23580323725828,1400269779,warm_cpu_to_warm_disk_process
1700812976.775,2023-11-24 08:02:56.775,1,89.42,226116,0.9375000000062528,0,5.236985902026343,1400432316,warm_cpu_to_warm_disk_process
1700812977.049,2023-11-24 08:02:57.049,1,85.85,226152,0.9375000000062528,0,5.236985902026343,1400563204,warm_cpu_to_warm_disk_process
1700812977.325,2023-11-24 08:02:57.325,1,84.4,226188,0.9375000000062528,0,5.236985902026343,1400687841,warm_cpu_to_warm_disk_process
1700812977.603,2023-11-24 08:02:57.603,1,86.03,226188,0.9375000000062528,0,5.236985902026343,1401037863,warm_cpu_to_warm_disk_process
1700812977.879,2023-11-24 08:02:57.879,1,69.36,226224,1.8124999999969305,0,5.184777958347523,1401197769,warm_cpu_to_warm_disk_process
1700812978.161,2023-11-24 08:02:58.161,1,61.19,226224,1.8124999999969305,0,5.184777958347523,1401336951,warm_cpu_to_warm_disk_process
1700813003.025,2023-11-24 08:03:23.025,1,140.27,229356,8.750000000006253,0,9.596580855193428,1452511331,active_to_warm_disk_process
1700813003.319,2023-11-24 08:03:23.319,1,135.13,229428,8.750000000006253,0,9.596580855193428,1453123142,active_to_warm_disk_process
1700813003.679,2023-11-24 08:03:23.679,1,137.48,229428,8.750000000006253,0,9.596580855193428,1454954333,active_to_warm_disk_process
1700813006.557,2023-11-24 08:03:26.557,1,138.11,229860,8.999999999997485,0,9.553309955586672,1457700443,active_to_warm_disk_process
1700813009.6,2023-11-24 08:03:29.600,1,101.63,230256,9.249999999997257,0,9.583778813889655,1459547089,active_to_warm_disk_process
1700813010.058,2023-11-24 08:03:30.058,1,91.91,230292,5.562499999996362,0,5.222891464171902,1459931883,active_to_warm_disk_process
1700813010.394,2023-11-24 08:03:30.394,1,86.82,230328,5.562499999996362,0,5.222891464171902,1460055306,active_to_warm_disk_process
1700813010.67,2023-11-24 08:03:30.670,1,100.05,230328,5.562499999996362,0,5.222891464171902,1460203832,active_to_warm_disk_process
1700813011.004,2023-11-24 08:03:31.004,1,88.97,230364,1.1875000000060254,0,5.21428361544765,1460490867,active_to_warm_disk_process
1700813011.276,2023-11-24 08:03:31.276,1,80.76,230400,1.1875000000060254,0,5.21428361544765,1460644656,active_to_warm_disk_process
1700813011.549,2023-11-24 08:03:31.549,1,89.9,230436,1.1875000000060254,0,5.21428361544765,1460785771,active_to_warm_disk_process
1700813011.884,2023-11-24 08:03:31.884,1,73.45,230436,0.8749999999992042,0,5.195190285274593,1460951671,active_to_warm_disk_process
1700813012.157,2023-11-24 08:03:32.157,1,80.02,230472,0.8749999999992042,0,5.195190285274593,1461227493,active_to_warm_disk_process
1700813012.434,2023-11-24 08:03:32.434,1,76.48,230472,0.8749999999992042,0,5.195190285274593,1461378109,active_to_warm_disk_process
1700813012.708,2023-11-24 08:03:32.708,1,74.34,230508,0.8749999999992042,0,5.195190285274593,1461503025,active_to_warm_disk_process
1700813012.984,2023-11-24 08:03:32.984,1,74.25,230544,0.8125000000006679,0,5.20668773760741,1461688368,active_to_warm_disk_process
1700813013.261,2023-11-24 08:03:33.261,1,55.31,230544,0.8125000000006679,0,5.20668773760741,1461973558,active_to_warm_disk_process
1700813013.536,2023-11-24 08:03:33.536,1,103.34,230580,0.8125000000006679,0,5.20668773760741,1462113534,active_to_warm_disk_process
1700813013.81,2023-11-24 08:03:33.810,1,84.67,230580,0.7499999999964757,0,5.2137593413752095,1462255452,active_to_warm_disk_process
1700813014.085,2023-11-24 08:03:34.085,1,90.22,230616,0.7499999999964757,0,5.2137593413752095,1462371084,active_to_warm_disk_process
1700813014.363,2023-11-24 08:03:34.363,1,78.07,230652,0.7499999999964757,0,5.2137593413752095,1462645340,active_to_warm_disk_process
1700813014.637,2023-11-24 08:03:34.637,1,93.76,230652,0.7499999999964757,0,5.2137593413752095,1462796691,active_to_warm_disk_process
1700813014.916,2023-11-24 08:03:34.916,1,60.56,230688,0.68750000000081,0,5.219733627316971,1462940029,active_to_warm_disk_process
1700813015.187,2023-11-24 08:03:35.187,1,58.43,230688,0.68750000000081,0,5.219733627316971,1463084580,active_to_warm_disk_process
1700813015.457,2023-11-24 08:03:35.457,1,57.22,230724,0.68750000000081,0,5.219733627316971,1463384917,active_to_warm_disk_process
1700813015.733,2023-11-24 08:03:35.733,1,55.73,230724,0.68750000000081,0,5.219733627316971,1463511413,active_to_warm_disk_process
1700813016.007,2023-11-24 08:03:36.007,1,62.3,230760,0.8750000000020464,0,5.221989225070494,1463651969,active_to_warm_disk_process
1700813016.281,2023-11-24 08:03:36.281,1,56.48,230760,0.8750000000020464,0,5.221989225070494,1463765783,active_to_warm_disk_process
1700813016.555,2023-11-24 08:03:36.555,1,92.74,230796,0.8750000000020464,0,5.221989225070494,1464059422,active_to_warm_disk_process
1700813016.83,2023-11-24 08:03:36.830,1,78.94,230796,1.2499999999960067,0,5.221294257114003,1464238415,active_to_warm_disk_process
1700813017.104,2023-11-24 08:03:37.104,1,79.06,230832,1.2499999999960067,0,5.221294257114003,1464375789,active_to_warm_disk_process
1700813017.379,2023-11-24 08:03:37.379,1,57.16,230868,1.2499999999960067,0,5.221294257114003,1464508523,active_to_warm_disk_process
1700813017.656,2023-11-24 08:03:37.656,1,73.02,230868,1.2499999999960067,0,5.221294257114003,1464803369,active_to_warm_disk_process
1700813017.987,2023-11-24 08:03:37.987,1,67.35,230904,0.5000000000023874,0,5.233779295490256,1464957700,active_to_warm_disk_process
1700813018.262,2023-11-24 08:03:38.262,1,86.49,230904,0.5000000000023874,0,5.233779295490256,1465076063,active_to_warm_disk_process
1700813018.533,2023-11-24 08:03:38.533,1,94.51,230940,0.5000000000023874,0,5.233779295490256,1465234801,active_to_warm_disk_process
1700813018.81,2023-11-24 08:03:38.810,1,77.51,230976,1.0000000000019327,0,5.248361430156269,1465534478,active_to_warm_disk_process
1700813019.081,2023-11-24 08:03:39.081,1,84.23,230976,1.0000000000019327,0,5.248361430156269,1465751040,active_to_warm_disk_process
1700813019.358,2023-11-24 08:03:39.358,1,58.35,231012,1.0000000000019327,0,5.248361430156269,1465914733,active_to_warm_disk_process
1700813019.635,2023-11-24 08:03:39.635,1,72.34,231012,1.0000000000019327,0,5.248361430156269,1466093842,active_to_warm_disk_process
1700813019.918,2023-11-24 08:03:39.918,1,62.08,231048,0.24999999999408828,0,5.245557173489728,1466440866,active_to_warm_disk_process
1700813020.234,2023-11-24 08:03:40.234,1,55.89,231048,0.24999999999408828,0,5.245557173489728,1466627810,active_to_warm_disk_process
1700813020.513,2023-11-24 08:03:40.513,1,89.15,231084,0.24999999999408828,0,5.245557173489728,1466769089,active_to_warm_disk_process
1700813020.785,2023-11-24 08:03:40.785,1,58.1,231084,1.50000000000432,0,5.254969721953075,1466923903,active_to_warm_disk_process
1700813021.064,2023-11-24 08:03:41.064,1,63.99,231120,1.50000000000432,0,5.254969721953075,1467199915,active_to_warm_disk_process
1700813021.417,2023-11-24 08:03:41.417,1,56.92,231120,1.50000000000432,0,5.254969721953075,1467360025,active_to_warm_disk_process
1700813021.693,2023-11-24 08:03:41.693,1,69.08,231156,1.50000000000432,0,5.254969721953075,1467512640,active_to_warm_disk_process
1700813021.967,2023-11-24 08:03:41.967,1,62.76,231156,-0.24999999999978684,0,5.242923610707237,1467764346,active_to_warm_disk_process
1700813022.243,2023-11-24 08:03:42.243,1,88.76,231192,-0.24999999999978684,0,5.242923610707237,1467941356,active_to_warm_disk_process
1700813022.522,2023-11-24 08:03:42.522,1,90.69,231228,-0.24999999999978684,0,5.242923610707237,1468083693,active_to_warm_disk_process
1700813022.793,2023-11-24 08:03:42.793,1,84.97,231228,1.312500000005926,0,5.259176106952887,1468224839,active_to_warm_disk_process
1700813023.069,2023-11-24 08:03:43.069,1,78.37,231264,1.312500000005926,0,5.259176106952887,1468489219,active_to_warm_disk_process
1700813023.357,2023-11-24 08:03:43.357,1,55.9,231264,1.312500000005926,0,5.259176106952887,1468689034,active_to_warm_disk_process
1700813023.633,2023-11-24 08:03:43.633,1,68.99,231300,1.312500000005926,0,5.259176106952887,1468830215,active_to_warm_disk_process
1700813023.932,2023-11-24 08:03:43.932,1,65.91,231300,0.8125000000006821,0,5.228317091200645,1469043078,active_to_warm_disk_process
1700813024.202,2023-11-24 08:03:44.202,1,84.34,231336,0.8125000000006821,0,5.228317091200645,1469313830,active_to_warm_disk_process
1700813024.48,2023-11-24 08:03:44.480,1,82.26,231336,0.8125000000006821,0,5.228317091200645,1469465600,active_to_warm_disk_process
1700813024.755,2023-11-24 08:03:44.755,1,83.98,231372,0.5624999999952109,0,5.22469594237472,1469682583,active_to_warm_disk_process
1700813025.029,2023-11-24 08:03:45.029,1,81.21,231408,0.5624999999952109,0,5.22469594237472,1469847603,active_to_warm_disk_process
1700813025.303,2023-11-24 08:03:45.303,1,57.36,231408,0.5624999999952109,0,5.22469594237472,1470150367,active_to_warm_disk_process
1700813025.578,2023-11-24 08:03:45.578,1,70.55,231444,0.5624999999952109,0,5.22469594237472,1470292353,active_to_warm_disk_process
1700813025.853,2023-11-24 08:03:45.853,1,62.34,231444,1.3749999999987494,0,5.210942892288379,1470433908,active_to_warm_disk_process
1700813026.128,2023-11-24 08:03:46.128,1,84.4,231480,1.3749999999987494,0,5.210942892288379,1470554049,active_to_warm_disk_process
1700813026.399,2023-11-24 08:03:46.399,1,85.59,231516,1.3749999999987494,0,5.210942892288379,1470832768,active_to_warm_disk_process
1700813026.677,2023-11-24 08:03:46.677,1,91.07,231516,1.3749999999987494,0,5.210942892288379,1470990831,active_to_warm_disk_process
1700813026.953,2023-11-24 08:03:46.953,1,81.9,231552,2.8421709430404007e-12,0,5.228036665533991,1471131125,active_to_warm_disk_process
1700813027.228,2023-11-24 08:03:47.228,1,78.44,231552,2.8421709430404007e-12,0,5.228036665533991,1471270268,active_to_warm_disk_process
1700813027.5,2023-11-24 08:03:47.500,1,62.97,231588,2.8421709430404007e-12,0,5.228036665533991,1471594075,active_to_warm_disk_process
1700813027.775,2023-11-24 08:03:47.775,1,64.93,231624,0.6249999999937472,0,5.249629441866357,1471739596,active_to_warm_disk_process
1700813028.05,2023-11-24 08:03:48.050,1,60.6,231624,0.6249999999937472,0,5.249629441866357,1471851455,active_to_warm_disk_process
1700813028.327,2023-11-24 08:03:48.327,1,60.08,231660,0.6249999999937472,0,5.249629441866357,1471973732,active_to_warm_disk_process
1700813028.595,2023-11-24 08:03:48.595,1,88.77,231660,0.6249999999937472,0,5.249629441866357,1472279005,active_to_warm_disk_process
1700813028.873,2023-11-24 08:03:48.873,1,80.11,231660,1.0625000000032827,0,5.257310666648622,1472427505,active_to_warm_disk_process
1700813029.163,2023-11-24 08:03:49.163,1,57.5,231696,1.0625000000032827,0,5.257310666648622,1472650222,active_to_warm_disk_process
1700813029.454,2023-11-24 08:03:49.454,1,58.14,231696,1.0625000000032827,0,5.257310666648622,1472821474,active_to_warm_disk_process
1700813029.734,2023-11-24 08:03:49.734,1,61.14,231732,1.0625000000032827,0,5.257310666648622,1473148009,active_to_warm_disk_process
1700813030.023,2023-11-24 08:03:50.023,1,61.33,231768,0.5625000000037517,0,5.242960187968105,1473405154,active_to_warm_disk_process
1700813030.3,2023-11-24 08:03:50.300,1,84.88,231768,0.5625000000037517,0,5.242960187968105,1473746526,active_to_warm_disk_process
1700813030.624,2023-11-24 08:03:50.624,1,89.57,231804,0.5625000000037517,0,5.242960187968105,1473890579,active_to_warm_disk_process
1700813030.9,2023-11-24 08:03:50.900,1,80.71,231804,1.4999999999929514,0,5.215222431809927,1474208260,active_to_warm_disk_process
1700813031.183,2023-11-24 08:03:51.183,1,54.73,231840,1.4999999999929514,0,5.215222431809927,1474336369,active_to_warm_disk_process
1700813031.461,2023-11-24 08:03:51.461,1,59.03,231840,1.4999999999929514,0,5.215222431809927,1474490346,active_to_warm_disk_process
1700813031.738,2023-11-24 08:03:51.738,1,60.44,231876,1.4999999999929514,0,5.215222431809927,1474630065,active_to_warm_disk_process
1700813032.016,2023-11-24 08:03:52.016,1,61.2,231912,0.24999999999978684,0,5.204151714187234,1474936005,active_to_warm_disk_process
1700813032.293,2023-11-24 08:03:52.293,1,79.99,231912,0.24999999999978684,0,5.204151714187234,1475060253,active_to_warm_disk_process
1700813032.57,2023-11-24 08:03:52.570,1,87.03,231948,0.24999999999978684,0,5.204151714187234,1475199997,active_to_warm_disk_process
1700813032.845,2023-11-24 08:03:52.845,1,58.23,231948,1.125000000001819,0,5.218368076244569,1475343737,active_to_warm_disk_process
1700813033.167,2023-11-24 08:03:53.167,1,55.81,231984,1.125000000001819,0,5.218368076244569,1475662114,active_to_warm_disk_process
1700813033.446,2023-11-24 08:03:53.446,1,58.01,231984,1.125000000001819,0,5.218368076244569,1475832750,active_to_warm_disk_process
1700813033.718,2023-11-24 08:03:53.718,1,67.82,232020,1.125000000001819,0,5.218368076244569,1475961932,active_to_warm_disk_process
1700813034.001,2023-11-24 08:03:54.001,1,108.43,232056,0.9374999999948983,0,5.182449206072264,1476153515,active_to_warm_disk_process
1700813034.278,2023-11-24 08:03:54.278,1,86.44,232056,0.9374999999948983,0,5.182449206072264,1476381149,active_to_warm_disk_process
